date_reported,data_type_name,location_id,mean,upper,lower,date_mean,date_lower,date_upper,covid_measure_id,scenario_id
2020-02-14 00:00:00,observed,4853,0.0,,,9999-09-09 00:00:00,9999-09-09 00:00:00,9999-09-09 00:00:00,25,6
2020-02-15 00:00:00,observed,4853,0.0,,,9999-09-09 00:00:00,9999-09-09 00:00:00,9999-09-09 00:00:00,25,6
2020-02-16 00:00:00,observed,4853,0.0,,,9999-09-09 00:00:00,9999-09-09 00:00:00,9999-09-09 00:00:00,25,6
2020-02-17 00:00:00,observed,4853,0.0,,,9999-09-09 00:00:00,9999-09-09 00:00:00,9999-09-09 00:00:00,25,6
2020-02-18 00:00:00,observed,4853,0.0,,,9999-09-09 00:00:00,9999-09-09 00:00:00,9999-09-09 00:00:00,25,6
2020-02-19 00:00:00,observed,4853,0.0,,,9999-09-09 00:00:00,9999-09-09 00:00:00,9999-09-09 00:00:00,25,6
2020-02-20 00:00:00,observed,4853,0.0,,,9999-09-09 00:00:00,9999-09-09 00:00:00,9999-09-09 00:00:00,25,6
2020-02-21 00:00:00,observed,4853,0.0,,,9999-09-09 00:00:00,9999-09-09 00:00:00,9999-09-09 00:00:00,25,6
2020-02-22 00:00:00,observed,4853,0.0,,,9999-09-09 00:00:00,9999-09-09 00:00:00,9999-09-09 00:00:00,25,6
2020-02-23 00:00:00,observed,4853,0.0,,,9999-09-09 00:00:00,9999-09-09 00:00:00,9999-09-09 00:00:00,25,6
2020-02-24 00:00:00,observed,4853,0.0,,,9999-09-09 00:00:00,9999-09-09 00:00:00,9999-09-09 00:00:00,25,6
2020-02-25 00:00:00,observed,4853,0.0,,,9999-09-09 00:00:00,9999-09-09 00:00:00,9999-09-09 00:00:00,25,6
2020-02-26 00:00:00,observed,4853,0.0,,,9999-09-09 00:00:00,9999-09-09 00:00:00,9999-09-09 00:00:00,25,6
2020-02-27 00:00:00,observed,4853,0.0,,,9999-09-09 00:00:00,9999-09-09 00:00:00,9999-09-09 00:00:00,25,6
2020-02-28 00:00:00,observed,4853,0.0,,,9999-09-09 00:00:00,9999-09-09 00:00:00,9999-09-09 00:00:00,25,6
2020-02-29 00:00:00,observed,4853,0.0,,,9999-09-09 00:00:00,9999-09-09 00:00:00,9999-09-09 00:00:00,25,6
2020-03-01 00:00:00,observed,4853,0.0,,,9999-09-09 00:00:00,9999-09-09 00:00:00,9999-09-09 00:00:00,25,6
2020-03-02 00:00:00,observed,4853,0.0,,,9999-09-09 00:00:00,9999-09-09 00:00:00,9999-09-09 00:00:00,25,6
2020-03-03 00:00:00,observed,4853,0.0,,,9999-09-09 00:00:00,9999-09-09 00:00:00,9999-09-09 00:00:00,25,6
2020-03-04 00:00:00,observed,4853,0.0,,,9999-09-09 00:00:00,9999-09-09 00:00:00,9999-09-09 00:00:00,25,6
2020-03-05 00:00:00,observed,4853,0.0,,,9999-09-09 00:00:00,9999-09-09 00:00:00,9999-09-09 00:00:00,25,6
2020-03-06 00:00:00,observed,4853,0.0,,,9999-09-09 00:00:00,9999-09-09 00:00:00,9999-09-09 00:00:00,25,6
2020-03-07 00:00:00,observed,4853,0.0,,,9999-09-09 00:00:00,9999-09-09 00:00:00,9999-09-09 00:00:00,25,6
2020-03-08 00:00:00,observed,4853,0.0,,,9999-09-09 00:00:00,9999-09-09 00:00:00,9999-09-09 00:00:00,25,6
2020-03-09 00:00:00,observed,4853,0.0,,,9999-09-09 00:00:00,9999-09-09 00:00:00,9999-09-09 00:00:00,25,6
2020-03-10 00:00:00,observed,4853,0.0,,,9999-09-09 00:00:00,9999-09-09 00:00:00,9999-09-09 00:00:00,25,6
2020-03-11 00:00:00,observed,4853,0.00106885573519611,,,9999-09-09 00:00:00,9999-09-09 00:00:00,9999-09-09 00:00:00,25,6
2020-03-12 00:00:00,observed,4853,0.0012281306168271,,,9999-09-09 00:00:00,9999-09-09 00:00:00,9999-09-09 00:00:00,25,6
2020-03-13 00:00:00,observed,4853,0.00152205907671012,,,9999-09-09 00:00:00,9999-09-09 00:00:00,9999-09-09 00:00:00,25,6
2020-03-14 00:00:00,observed,4853,0.00203944689740233,,,9999-09-09 00:00:00,9999-09-09 00:00:00,9999-09-09 00:00:00,25,6
2020-03-15 00:00:00,observed,4853,0.00295997530590007,,,9999-09-09 00:00:00,9999-09-09 00:00:00,9999-09-09 00:00:00,25,6
2020-03-16 00:00:00,observed,4853,0.00466028975919801,,,9999-09-09 00:00:00,9999-09-09 00:00:00,9999-09-09 00:00:00,25,6
2020-03-17 00:00:00,observed,4853,0.0079696665544748,,,9999-09-09 00:00:00,9999-09-09 00:00:00,9999-09-09 00:00:00,25,6
2020-03-18 00:00:00,observed,4853,0.0148200282834,,,9999-09-09 00:00:00,9999-09-09 00:00:00,9999-09-09 00:00:00,25,6
2020-03-19 00:00:00,observed,4853,0.02999592758801,,,9999-09-09 00:00:00,9999-09-09 00:00:00,9999-09-09 00:00:00,25,6
2020-03-20 00:00:00,observed,4853,0.06613907119692,,,9999-09-09 00:00:00,9999-09-09 00:00:00,9999-09-09 00:00:00,25,6
2020-03-21 00:00:00,observed,4853,0.15899318015917,,,9999-09-09 00:00:00,9999-09-09 00:00:00,9999-09-09 00:00:00,25,6
2020-03-22 00:00:00,observed,4853,0.36500399630253,,,9999-09-09 00:00:00,9999-09-09 00:00:00,9999-09-09 00:00:00,25,6
2020-03-23 00:00:00,observed,4853,0.79164081863251,,,9999-09-09 00:00:00,9999-09-09 00:00:00,9999-09-09 00:00:00,25,6
2020-03-24 00:00:00,observed,4853,1.61222606515179,,,9999-09-09 00:00:00,9999-09-09 00:00:00,9999-09-09 00:00:00,25,6
2020-03-25 00:00:00,observed,4853,3.07024906164606,,,9999-09-09 00:00:00,9999-09-09 00:00:00,9999-09-09 00:00:00,25,6
2020-03-26 00:00:00,observed,4853,5.45005794243152,,,9999-09-09 00:00:00,9999-09-09 00:00:00,9999-09-09 00:00:00,25,6
2020-03-27 00:00:00,observed,4853,8.99533537901099,,,9999-09-09 00:00:00,9999-09-09 00:00:00,9999-09-09 00:00:00,25,6
2020-03-28 00:00:00,observed,4853,13.7759314963382,,,9999-09-09 00:00:00,9999-09-09 00:00:00,9999-09-09 00:00:00,25,6
2020-03-29 00:00:00,observed,4853,19.5410328200025,,,9999-09-09 00:00:00,9999-09-09 00:00:00,9999-09-09 00:00:00,25,6
2020-03-30 00:00:00,observed,4853,25.635135293089,,,9999-09-09 00:00:00,9999-09-09 00:00:00,9999-09-09 00:00:00,25,6
2020-03-31 00:00:00,observed,4853,31.0601888613977,,,9999-09-09 00:00:00,9999-09-09 00:00:00,9999-09-09 00:00:00,25,6
2020-04-01 00:00:00,observed,4853,34.7164861033261,,,9999-09-09 00:00:00,9999-09-09 00:00:00,9999-09-09 00:00:00,25,6
2020-04-02 00:00:00,observed,4853,38.2194707726887,,,9999-09-09 00:00:00,9999-09-09 00:00:00,9999-09-09 00:00:00,25,6
2020-04-03 00:00:00,observed,4853,41.6405337130452,,,9999-09-09 00:00:00,9999-09-09 00:00:00,9999-09-09 00:00:00,25,6
2020-04-04 00:00:00,observed,4853,45.0090945893695,,,9999-09-09 00:00:00,9999-09-09 00:00:00,9999-09-09 00:00:00,25,6
2020-04-05 00:00:00,observed,4853,48.3408869597747,,,9999-09-09 00:00:00,9999-09-09 00:00:00,9999-09-09 00:00:00,25,6
2020-04-06 00:00:00,observed,4853,51.645481941573,,,9999-09-09 00:00:00,9999-09-09 00:00:00,9999-09-09 00:00:00,25,6
2020-04-07 00:00:00,observed,4853,54.9291827941977,,,9999-09-09 00:00:00,9999-09-09 00:00:00,9999-09-09 00:00:00,25,6
2020-04-08 00:00:00,observed,4853,58.1794990100764,,,9999-09-09 00:00:00,9999-09-09 00:00:00,9999-09-09 00:00:00,25,6
2020-04-09 00:00:00,observed,4853,61.3795914966434,,,9999-09-09 00:00:00,9999-09-09 00:00:00,9999-09-09 00:00:00,25,6
2020-04-10 00:00:00,observed,4853,64.5089125592895,,,9999-09-09 00:00:00,9999-09-09 00:00:00,9999-09-09 00:00:00,25,6
2020-04-11 00:00:00,observed,4853,67.5437356280098,,,9999-09-09 00:00:00,9999-09-09 00:00:00,9999-09-09 00:00:00,25,6
2020-04-12 00:00:00,observed,4853,70.4576579121729,,,9999-09-09 00:00:00,9999-09-09 00:00:00,9999-09-09 00:00:00,25,6
2020-04-13 00:00:00,observed,4853,73.2221209231063,,,9999-09-09 00:00:00,9999-09-09 00:00:00,9999-09-09 00:00:00,25,6
2020-04-14 00:00:00,observed,4853,75.8069733584922,,,9999-09-09 00:00:00,9999-09-09 00:00:00,9999-09-09 00:00:00,25,6
2020-04-15 00:00:00,observed,4853,78.1810882560133,,,9999-09-09 00:00:00,9999-09-09 00:00:00,9999-09-09 00:00:00,25,6
2020-04-16 00:00:00,observed,4853,80.3130374312787,,,9999-09-09 00:00:00,9999-09-09 00:00:00,9999-09-09 00:00:00,25,6
2020-04-17 00:00:00,observed,4853,82.1718191809421,,,9999-09-09 00:00:00,9999-09-09 00:00:00,9999-09-09 00:00:00,25,6
2020-04-18 00:00:00,observed,4853,83.727629253742,,,9999-09-09 00:00:00,9999-09-09 00:00:00,9999-09-09 00:00:00,25,6
2020-04-19 00:00:00,observed,4853,85.0019480067033,,,9999-09-09 00:00:00,9999-09-09 00:00:00,9999-09-09 00:00:00,25,6
2020-04-20 00:00:00,observed,4853,86.0195586679732,,,9999-09-09 00:00:00,9999-09-09 00:00:00,9999-09-09 00:00:00,25,6
2020-04-21 00:00:00,observed,4853,86.8076277153452,,,9999-09-09 00:00:00,9999-09-09 00:00:00,9999-09-09 00:00:00,25,6
2020-04-22 00:00:00,observed,4853,87.3704376970166,,,9999-09-09 00:00:00,9999-09-09 00:00:00,9999-09-09 00:00:00,25,6
2020-04-23 00:00:00,observed,4853,87.7118503424787,,,9999-09-09 00:00:00,9999-09-09 00:00:00,9999-09-09 00:00:00,25,6
2020-04-24 00:00:00,observed,4853,87.8351553240895,,,9999-09-09 00:00:00,9999-09-09 00:00:00,9999-09-09 00:00:00,25,6
2020-04-25 00:00:00,observed,4853,87.7429661137075,,,9999-09-09 00:00:00,9999-09-09 00:00:00,9999-09-09 00:00:00,25,6
2020-04-26 00:00:00,observed,4853,87.4371614633491,,,9999-09-09 00:00:00,9999-09-09 00:00:00,9999-09-09 00:00:00,25,6
2020-04-27 00:00:00,observed,4853,86.9188712774422,,,9999-09-09 00:00:00,9999-09-09 00:00:00,9999-09-09 00:00:00,25,6
2020-04-28 00:00:00,observed,4853,86.3274274893416,,,9999-09-09 00:00:00,9999-09-09 00:00:00,9999-09-09 00:00:00,25,6
2020-04-29 00:00:00,observed,4853,85.5563366986432,,,9999-09-09 00:00:00,9999-09-09 00:00:00,9999-09-09 00:00:00,25,6
2020-04-30 00:00:00,observed,4853,84.7633313148145,,,9999-09-09 00:00:00,9999-09-09 00:00:00,9999-09-09 00:00:00,25,6
2020-05-01 00:00:00,observed,4853,83.8130164566885,,,9999-09-09 00:00:00,9999-09-09 00:00:00,9999-09-09 00:00:00,25,6
2020-05-02 00:00:00,observed,4853,82.713351524792,,,9999-09-09 00:00:00,9999-09-09 00:00:00,9999-09-09 00:00:00,25,6
2020-05-03 00:00:00,observed,4853,81.5556219820219,,,9999-09-09 00:00:00,9999-09-09 00:00:00,9999-09-09 00:00:00,25,6
2020-05-04 00:00:00,observed,4853,80.3389163717378,,,9999-09-09 00:00:00,9999-09-09 00:00:00,9999-09-09 00:00:00,25,6
2020-05-05 00:00:00,observed,4853,79.2024390669188,,,9999-09-09 00:00:00,9999-09-09 00:00:00,9999-09-09 00:00:00,25,6
2020-05-06 00:00:00,observed,4853,78.2217436522925,,,9999-09-09 00:00:00,9999-09-09 00:00:00,9999-09-09 00:00:00,25,6
2020-05-07 00:00:00,observed,4853,77.4197415661443,,,9999-09-09 00:00:00,9999-09-09 00:00:00,9999-09-09 00:00:00,25,6
2020-05-08 00:00:00,observed,4853,76.8460820229723,,,9999-09-09 00:00:00,9999-09-09 00:00:00,9999-09-09 00:00:00,25,6
2020-05-09 00:00:00,observed,4853,76.2351107219662,,,9999-09-09 00:00:00,9999-09-09 00:00:00,9999-09-09 00:00:00,25,6
2020-05-10 00:00:00,observed,4853,75.9274754413688,,,9999-09-09 00:00:00,9999-09-09 00:00:00,9999-09-09 00:00:00,25,6
2020-05-11 00:00:00,observed,4853,75.5716343075369,,,9999-09-09 00:00:00,9999-09-09 00:00:00,9999-09-09 00:00:00,25,6
2020-05-12 00:00:00,observed,4853,75.4360394411274,,,9999-09-09 00:00:00,9999-09-09 00:00:00,9999-09-09 00:00:00,25,6
2020-05-13 00:00:00,observed,4853,75.510847046439,,,9999-09-09 00:00:00,9999-09-09 00:00:00,9999-09-09 00:00:00,25,6
2020-05-14 00:00:00,observed,4853,75.6901162762444,,,9999-09-09 00:00:00,9999-09-09 00:00:00,9999-09-09 00:00:00,25,6
2020-05-15 00:00:00,observed,4853,76.0722512246037,,,9999-09-09 00:00:00,9999-09-09 00:00:00,9999-09-09 00:00:00,25,6
2020-05-16 00:00:00,observed,4853,76.4247274626229,,,9999-09-09 00:00:00,9999-09-09 00:00:00,9999-09-09 00:00:00,25,6
2020-05-17 00:00:00,observed,4853,76.6922371011091,,,9999-09-09 00:00:00,9999-09-09 00:00:00,9999-09-09 00:00:00,25,6
2020-05-18 00:00:00,observed,4853,76.8570057632754,,,9999-09-09 00:00:00,9999-09-09 00:00:00,9999-09-09 00:00:00,25,6
2020-05-19 00:00:00,observed,4853,76.9063068754251,,,9999-09-09 00:00:00,9999-09-09 00:00:00,9999-09-09 00:00:00,25,6
2020-05-20 00:00:00,observed,4853,77.0774830600662,,,9999-09-09 00:00:00,9999-09-09 00:00:00,9999-09-09 00:00:00,25,6
2020-05-21 00:00:00,observed,4853,77.0378768883306,,,9999-09-09 00:00:00,9999-09-09 00:00:00,9999-09-09 00:00:00,25,6
2020-05-22 00:00:00,observed,4853,77.0233464764637,,,9999-09-09 00:00:00,9999-09-09 00:00:00,9999-09-09 00:00:00,25,6
2020-05-23 00:00:00,observed,4853,76.9031611876668,,,9999-09-09 00:00:00,9999-09-09 00:00:00,9999-09-09 00:00:00,25,6
2020-05-24 00:00:00,observed,4853,76.6808547708439,,,9999-09-09 00:00:00,9999-09-09 00:00:00,9999-09-09 00:00:00,25,6
2020-05-25 00:00:00,observed,4853,76.4309943972955,,,9999-09-09 00:00:00,9999-09-09 00:00:00,9999-09-09 00:00:00,25,6
2020-05-26 00:00:00,observed,4853,76.0702045712585,,,9999-09-09 00:00:00,9999-09-09 00:00:00,9999-09-09 00:00:00,25,6
2020-05-27 00:00:00,observed,4853,75.7293906765276,,,9999-09-09 00:00:00,9999-09-09 00:00:00,9999-09-09 00:00:00,25,6
2020-05-28 00:00:00,observed,4853,75.4760433132358,,,9999-09-09 00:00:00,9999-09-09 00:00:00,9999-09-09 00:00:00,25,6
2020-05-29 00:00:00,observed,4853,75.3682579228857,,,9999-09-09 00:00:00,9999-09-09 00:00:00,9999-09-09 00:00:00,25,6
2020-05-30 00:00:00,observed,4853,75.2726826485915,,,9999-09-09 00:00:00,9999-09-09 00:00:00,9999-09-09 00:00:00,25,6
2020-05-31 00:00:00,observed,4853,75.1113843592601,,,9999-09-09 00:00:00,9999-09-09 00:00:00,9999-09-09 00:00:00,25,6
2020-06-01 00:00:00,observed,4853,75.0443364533304,,,9999-09-09 00:00:00,9999-09-09 00:00:00,9999-09-09 00:00:00,25,6
2020-06-02 00:00:00,observed,4853,75.0657794900537,,,9999-09-09 00:00:00,9999-09-09 00:00:00,9999-09-09 00:00:00,25,6
2020-06-03 00:00:00,observed,4853,75.1164076479057,,,9999-09-09 00:00:00,9999-09-09 00:00:00,9999-09-09 00:00:00,25,6
2020-06-04 00:00:00,observed,4853,75.2203908320858,,,9999-09-09 00:00:00,9999-09-09 00:00:00,9999-09-09 00:00:00,25,6
2020-06-05 00:00:00,observed,4853,75.2715977466705,,,9999-09-09 00:00:00,9999-09-09 00:00:00,9999-09-09 00:00:00,25,6
2020-06-06 00:00:00,observed,4853,75.2130048644991,,,9999-09-09 00:00:00,9999-09-09 00:00:00,9999-09-09 00:00:00,25,6
2020-06-07 00:00:00,observed,4853,75.1633563279573,,,9999-09-09 00:00:00,9999-09-09 00:00:00,9999-09-09 00:00:00,25,6
2020-06-08 00:00:00,observed,4853,74.9181568803418,,,9999-09-09 00:00:00,9999-09-09 00:00:00,9999-09-09 00:00:00,25,6
2020-06-09 00:00:00,observed,4853,74.3895313133493,,,9999-09-09 00:00:00,9999-09-09 00:00:00,9999-09-09 00:00:00,25,6
2020-06-10 00:00:00,observed,4853,73.8922988256873,,,9999-09-09 00:00:00,9999-09-09 00:00:00,9999-09-09 00:00:00,25,6
2020-06-11 00:00:00,observed,4853,73.3981548579269,,,9999-09-09 00:00:00,9999-09-09 00:00:00,9999-09-09 00:00:00,25,6
2020-06-12 00:00:00,observed,4853,72.8804589921059,,,9999-09-09 00:00:00,9999-09-09 00:00:00,9999-09-09 00:00:00,25,6
2020-06-13 00:00:00,observed,4853,72.3160321478843,,,9999-09-09 00:00:00,9999-09-09 00:00:00,9999-09-09 00:00:00,25,6
2020-06-14 00:00:00,observed,4853,71.7648718838023,,,9999-09-09 00:00:00,9999-09-09 00:00:00,9999-09-09 00:00:00,25,6
2020-06-15 00:00:00,observed,4853,71.2474885134868,,,9999-09-09 00:00:00,9999-09-09 00:00:00,9999-09-09 00:00:00,25,6
2020-06-16 00:00:00,observed,4853,70.8327919312732,,,9999-09-09 00:00:00,9999-09-09 00:00:00,9999-09-09 00:00:00,25,6
2020-06-17 00:00:00,observed,4853,70.6607258138156,,,9999-09-09 00:00:00,9999-09-09 00:00:00,9999-09-09 00:00:00,25,6
2020-06-18 00:00:00,observed,4853,70.5845783909225,,,9999-09-09 00:00:00,9999-09-09 00:00:00,9999-09-09 00:00:00,25,6
2020-06-19 00:00:00,observed,4853,70.6191213997584,,,9999-09-09 00:00:00,9999-09-09 00:00:00,9999-09-09 00:00:00,25,6
2020-06-20 00:00:00,observed,4853,70.9217027706313,,,9999-09-09 00:00:00,9999-09-09 00:00:00,9999-09-09 00:00:00,25,6
2020-06-21 00:00:00,observed,4853,71.1208081545077,,,9999-09-09 00:00:00,9999-09-09 00:00:00,9999-09-09 00:00:00,25,6
2020-06-22 00:00:00,observed,4853,71.3640237509787,,,9999-09-09 00:00:00,9999-09-09 00:00:00,9999-09-09 00:00:00,25,6
2020-06-23 00:00:00,observed,4853,71.3319610929335,,,9999-09-09 00:00:00,9999-09-09 00:00:00,9999-09-09 00:00:00,25,6
2020-06-24 00:00:00,observed,4853,71.2512363405548,,,9999-09-09 00:00:00,9999-09-09 00:00:00,9999-09-09 00:00:00,25,6
2020-06-25 00:00:00,observed,4853,71.0400608156398,,,9999-09-09 00:00:00,9999-09-09 00:00:00,9999-09-09 00:00:00,25,6
2020-06-26 00:00:00,observed,4853,70.6981882698489,,,9999-09-09 00:00:00,9999-09-09 00:00:00,9999-09-09 00:00:00,25,6
2020-06-27 00:00:00,observed,4853,70.3086454600745,,,9999-09-09 00:00:00,9999-09-09 00:00:00,9999-09-09 00:00:00,25,6
2020-06-28 00:00:00,observed,4853,69.8224502366304,,,9999-09-09 00:00:00,9999-09-09 00:00:00,9999-09-09 00:00:00,25,6
2020-06-29 00:00:00,observed,4853,69.14906228241,,,9999-09-09 00:00:00,9999-09-09 00:00:00,9999-09-09 00:00:00,25,6
2020-06-30 00:00:00,observed,4853,68.5669679763191,,,9999-09-09 00:00:00,9999-09-09 00:00:00,9999-09-09 00:00:00,25,6
2020-07-01 00:00:00,observed,4853,67.7865081800773,,,9999-09-09 00:00:00,9999-09-09 00:00:00,9999-09-09 00:00:00,25,6
2020-07-02 00:00:00,observed,4853,67.1545075815128,,,9999-09-09 00:00:00,9999-09-09 00:00:00,9999-09-09 00:00:00,25,6
2020-07-03 00:00:00,observed,4853,66.4864462110543,,,9999-09-09 00:00:00,9999-09-09 00:00:00,9999-09-09 00:00:00,25,6
2020-07-04 00:00:00,observed,4853,66.2378686492291,,,9999-09-09 00:00:00,9999-09-09 00:00:00,9999-09-09 00:00:00,25,6
2020-07-05 00:00:00,observed,4853,66.0312908234324,,,9999-09-09 00:00:00,9999-09-09 00:00:00,9999-09-09 00:00:00,25,6
2020-07-06 00:00:00,observed,4853,66.0072300461088,,,9999-09-09 00:00:00,9999-09-09 00:00:00,9999-09-09 00:00:00,25,6
2020-07-07 00:00:00,observed,4853,66.0515294324518,,,9999-09-09 00:00:00,9999-09-09 00:00:00,9999-09-09 00:00:00,25,6
2020-07-08 00:00:00,observed,4853,66.0434881722652,,,9999-09-09 00:00:00,9999-09-09 00:00:00,9999-09-09 00:00:00,25,6
2020-07-09 00:00:00,observed,4853,65.9430387771917,,,9999-09-09 00:00:00,9999-09-09 00:00:00,9999-09-09 00:00:00,25,6
2020-07-10 00:00:00,observed,4853,65.953352011485,,,9999-09-09 00:00:00,9999-09-09 00:00:00,9999-09-09 00:00:00,25,6
2020-07-11 00:00:00,observed,4853,65.8616287758293,,,9999-09-09 00:00:00,9999-09-09 00:00:00,9999-09-09 00:00:00,25,6
2020-07-12 00:00:00,observed,4853,65.9115595581512,,,9999-09-09 00:00:00,9999-09-09 00:00:00,9999-09-09 00:00:00,25,6
2020-07-13 00:00:00,observed,4853,65.9195791925817,,,9999-09-09 00:00:00,9999-09-09 00:00:00,9999-09-09 00:00:00,25,6
2020-07-14 00:00:00,observed,4853,65.9798092064188,,,9999-09-09 00:00:00,9999-09-09 00:00:00,9999-09-09 00:00:00,25,6
2020-07-15 00:00:00,observed,4853,65.9632161107905,,,9999-09-09 00:00:00,9999-09-09 00:00:00,9999-09-09 00:00:00,25,6
2020-07-16 00:00:00,observed,4853,65.9095515114279,,,9999-09-09 00:00:00,9999-09-09 00:00:00,9999-09-09 00:00:00,25,6
2020-07-17 00:00:00,observed,4853,65.8138007738697,,,9999-09-09 00:00:00,9999-09-09 00:00:00,9999-09-09 00:00:00,25,6
2020-07-18 00:00:00,observed,4853,65.6440544766585,,,9999-09-09 00:00:00,9999-09-09 00:00:00,9999-09-09 00:00:00,25,6
2020-07-19 00:00:00,observed,4853,65.5172253181807,,,9999-09-09 00:00:00,9999-09-09 00:00:00,9999-09-09 00:00:00,25,6
2020-07-20 00:00:00,observed,4853,65.4518468308442,,,9999-09-09 00:00:00,9999-09-09 00:00:00,9999-09-09 00:00:00,25,6
2020-07-21 00:00:00,observed,4853,65.4529403642293,,,9999-09-09 00:00:00,9999-09-09 00:00:00,9999-09-09 00:00:00,25,6
2020-07-22 00:00:00,observed,4853,65.565147731796,,,9999-09-09 00:00:00,9999-09-09 00:00:00,9999-09-09 00:00:00,25,6
2020-07-23 00:00:00,observed,4853,65.6865479561348,,,9999-09-09 00:00:00,9999-09-09 00:00:00,9999-09-09 00:00:00,25,6
2020-07-24 00:00:00,observed,4853,65.8098413686471,,,9999-09-09 00:00:00,9999-09-09 00:00:00,9999-09-09 00:00:00,25,6
2020-07-25 00:00:00,observed,4853,65.9329531540967,,,9999-09-09 00:00:00,9999-09-09 00:00:00,9999-09-09 00:00:00,25,6
2020-07-26 00:00:00,observed,4853,65.7971674528405,,,9999-09-09 00:00:00,9999-09-09 00:00:00,9999-09-09 00:00:00,25,6
2020-07-27 00:00:00,observed,4853,65.7131138019541,,,9999-09-09 00:00:00,9999-09-09 00:00:00,9999-09-09 00:00:00,25,6
2020-07-28 00:00:00,observed,4853,65.6048701824124,,,9999-09-09 00:00:00,9999-09-09 00:00:00,9999-09-09 00:00:00,25,6
2020-07-29 00:00:00,observed,4853,65.6560927765655,,,9999-09-09 00:00:00,9999-09-09 00:00:00,9999-09-09 00:00:00,25,6
2020-07-30 00:00:00,observed,4853,65.906582250375,,,9999-09-09 00:00:00,9999-09-09 00:00:00,9999-09-09 00:00:00,25,6
2020-07-31 00:00:00,observed,4853,66.1404276723289,,,9999-09-09 00:00:00,9999-09-09 00:00:00,9999-09-09 00:00:00,25,6
2020-08-01 00:00:00,observed,4853,66.204710694346,,,9999-09-09 00:00:00,9999-09-09 00:00:00,9999-09-09 00:00:00,25,6
2020-08-02 00:00:00,observed,4853,66.1331780565051,,,9999-09-09 00:00:00,9999-09-09 00:00:00,9999-09-09 00:00:00,25,6
2020-08-03 00:00:00,observed,4853,66.0575291916442,,,9999-09-09 00:00:00,9999-09-09 00:00:00,9999-09-09 00:00:00,25,6
2020-08-04 00:00:00,observed,4853,65.8503104648008,,,9999-09-09 00:00:00,9999-09-09 00:00:00,9999-09-09 00:00:00,25,6
2020-08-05 00:00:00,observed,4853,65.5949686805411,,,9999-09-09 00:00:00,9999-09-09 00:00:00,9999-09-09 00:00:00,25,6
2020-08-06 00:00:00,observed,4853,65.5539848726401,,,9999-09-09 00:00:00,9999-09-09 00:00:00,9999-09-09 00:00:00,25,6
2020-08-07 00:00:00,observed,4853,65.6062421106383,,,9999-09-09 00:00:00,9999-09-09 00:00:00,9999-09-09 00:00:00,25,6
2020-08-08 00:00:00,observed,4853,65.5882412332082,,,9999-09-09 00:00:00,9999-09-09 00:00:00,9999-09-09 00:00:00,25,6
2020-08-09 00:00:00,observed,4853,65.4714753166383,,,9999-09-09 00:00:00,9999-09-09 00:00:00,9999-09-09 00:00:00,25,6
2020-08-10 00:00:00,observed,4853,64.9937272755755,,,9999-09-09 00:00:00,9999-09-09 00:00:00,9999-09-09 00:00:00,25,6
2020-08-11 00:00:00,observed,4853,64.4940732099827,,,9999-09-09 00:00:00,9999-09-09 00:00:00,9999-09-09 00:00:00,25,6
2020-08-12 00:00:00,observed,4853,64.1030900561729,,,9999-09-09 00:00:00,9999-09-09 00:00:00,9999-09-09 00:00:00,25,6
2020-08-13 00:00:00,observed,4853,63.7466961256383,,,9999-09-09 00:00:00,9999-09-09 00:00:00,9999-09-09 00:00:00,25,6
2020-08-14 00:00:00,observed,4853,63.2934704996873,,,9999-09-09 00:00:00,9999-09-09 00:00:00,9999-09-09 00:00:00,25,6
2020-08-15 00:00:00,observed,4853,63.0618865110057,,,9999-09-09 00:00:00,9999-09-09 00:00:00,9999-09-09 00:00:00,25,6
2020-08-16 00:00:00,observed,4853,62.6869554970646,,,9999-09-09 00:00:00,9999-09-09 00:00:00,9999-09-09 00:00:00,25,6
2020-08-17 00:00:00,observed,4853,62.5001399109414,,,9999-09-09 00:00:00,9999-09-09 00:00:00,9999-09-09 00:00:00,25,6
2020-08-18 00:00:00,observed,4853,62.1950817940813,,,9999-09-09 00:00:00,9999-09-09 00:00:00,9999-09-09 00:00:00,25,6
2020-08-19 00:00:00,observed,4853,61.9362328914252,,,9999-09-09 00:00:00,9999-09-09 00:00:00,9999-09-09 00:00:00,25,6
2020-08-20 00:00:00,observed,4853,61.716292338094,,,9999-09-09 00:00:00,9999-09-09 00:00:00,9999-09-09 00:00:00,25,6
2020-08-21 00:00:00,observed,4853,61.6966046018152,,,9999-09-09 00:00:00,9999-09-09 00:00:00,9999-09-09 00:00:00,25,6
2020-08-22 00:00:00,observed,4853,61.8300865069323,,,9999-09-09 00:00:00,9999-09-09 00:00:00,9999-09-09 00:00:00,25,6
2020-08-23 00:00:00,observed,4853,61.9098388043449,,,9999-09-09 00:00:00,9999-09-09 00:00:00,9999-09-09 00:00:00,25,6
2020-08-24 00:00:00,observed,4853,62.1097752165413,,,9999-09-09 00:00:00,9999-09-09 00:00:00,9999-09-09 00:00:00,25,6
2020-08-25 00:00:00,observed,4853,62.4768674865836,,,9999-09-09 00:00:00,9999-09-09 00:00:00,9999-09-09 00:00:00,25,6
2020-08-26 00:00:00,observed,4853,62.7985813740404,,,9999-09-09 00:00:00,9999-09-09 00:00:00,9999-09-09 00:00:00,25,6
2020-08-27 00:00:00,observed,4853,63.3552220662862,,,9999-09-09 00:00:00,9999-09-09 00:00:00,9999-09-09 00:00:00,25,6
2020-08-28 00:00:00,observed,4853,63.5036026028421,,,9999-09-09 00:00:00,9999-09-09 00:00:00,9999-09-09 00:00:00,25,6
2020-08-29 00:00:00,observed,4853,63.721639383259,,,9999-09-09 00:00:00,9999-09-09 00:00:00,9999-09-09 00:00:00,25,6
2020-08-30 00:00:00,observed,4853,64.0130028745073,,,9999-09-09 00:00:00,9999-09-09 00:00:00,9999-09-09 00:00:00,25,6
2020-08-31 00:00:00,observed,4853,64.3241137761849,,,9999-09-09 00:00:00,9999-09-09 00:00:00,9999-09-09 00:00:00,25,6
2020-09-01 00:00:00,observed,4853,64.6465429630122,,,9999-09-09 00:00:00,9999-09-09 00:00:00,9999-09-09 00:00:00,25,6
2020-09-02 00:00:00,observed,4853,64.8796440642345,,,9999-09-09 00:00:00,9999-09-09 00:00:00,9999-09-09 00:00:00,25,6
2020-09-03 00:00:00,observed,4853,65.1666841657009,,,9999-09-09 00:00:00,9999-09-09 00:00:00,9999-09-09 00:00:00,25,6
2020-09-04 00:00:00,observed,4853,65.3893489306944,,,9999-09-09 00:00:00,9999-09-09 00:00:00,9999-09-09 00:00:00,25,6
2020-09-05 00:00:00,observed,4853,65.4781645549717,,,9999-09-09 00:00:00,9999-09-09 00:00:00,9999-09-09 00:00:00,25,6
2020-09-06 00:00:00,observed,4853,65.5136348465988,,,9999-09-09 00:00:00,9999-09-09 00:00:00,9999-09-09 00:00:00,25,6
2020-09-07 00:00:00,observed,4853,65.5920158449121,,,9999-09-09 00:00:00,9999-09-09 00:00:00,9999-09-09 00:00:00,25,6
2020-09-08 00:00:00,observed,4853,65.953195395434,,,9999-09-09 00:00:00,9999-09-09 00:00:00,9999-09-09 00:00:00,25,6
2020-09-09 00:00:00,observed,4853,66.3196222981792,,,9999-09-09 00:00:00,9999-09-09 00:00:00,9999-09-09 00:00:00,25,6
2020-09-10 00:00:00,observed,4853,66.7087392343059,,,9999-09-09 00:00:00,9999-09-09 00:00:00,9999-09-09 00:00:00,25,6
2020-09-11 00:00:00,observed,4853,67.0648951780447,,,9999-09-09 00:00:00,9999-09-09 00:00:00,9999-09-09 00:00:00,25,6
2020-09-12 00:00:00,observed,4853,67.2110588379118,,,9999-09-09 00:00:00,9999-09-09 00:00:00,9999-09-09 00:00:00,25,6
2020-09-13 00:00:00,observed,4853,67.3408554325983,,,9999-09-09 00:00:00,9999-09-09 00:00:00,9999-09-09 00:00:00,25,6
2020-09-14 00:00:00,observed,4853,67.3943869642834,,,9999-09-09 00:00:00,9999-09-09 00:00:00,9999-09-09 00:00:00,25,6
2020-09-15 00:00:00,observed,4853,67.3154858690411,,,9999-09-09 00:00:00,9999-09-09 00:00:00,9999-09-09 00:00:00,25,6
2020-09-16 00:00:00,observed,4853,67.3315037049115,,,9999-09-09 00:00:00,9999-09-09 00:00:00,9999-09-09 00:00:00,25,6
2020-09-17 00:00:00,observed,4853,67.4295217373532,,,9999-09-09 00:00:00,9999-09-09 00:00:00,9999-09-09 00:00:00,25,6
2020-09-18 00:00:00,observed,4853,67.3235137700123,,,9999-09-09 00:00:00,9999-09-09 00:00:00,9999-09-09 00:00:00,25,6
2020-09-19 00:00:00,observed,4853,67.1590077626899,,,9999-09-09 00:00:00,9999-09-09 00:00:00,9999-09-09 00:00:00,25,6
2020-09-20 00:00:00,observed,4853,66.8673216017482,,,9999-09-09 00:00:00,9999-09-09 00:00:00,9999-09-09 00:00:00,25,6
2020-09-21 00:00:00,observed,4853,66.4834424232458,,,9999-09-09 00:00:00,9999-09-09 00:00:00,9999-09-09 00:00:00,25,6
2020-09-22 00:00:00,observed,4853,66.0964396948712,,,9999-09-09 00:00:00,9999-09-09 00:00:00,9999-09-09 00:00:00,25,6
2020-09-23 00:00:00,observed,4853,65.993168154909,,,9999-09-09 00:00:00,9999-09-09 00:00:00,9999-09-09 00:00:00,25,6
2020-09-24 00:00:00,observed,4853,65.57946333729,,,9999-09-09 00:00:00,9999-09-09 00:00:00,9999-09-09 00:00:00,25,6
2020-09-25 00:00:00,observed,4853,65.2393425946591,,,9999-09-09 00:00:00,9999-09-09 00:00:00,9999-09-09 00:00:00,25,6
2020-09-26 00:00:00,observed,4853,65.1797728176385,,,9999-09-09 00:00:00,9999-09-09 00:00:00,9999-09-09 00:00:00,25,6
2020-09-27 00:00:00,observed,4853,65.0803853532379,,,9999-09-09 00:00:00,9999-09-09 00:00:00,9999-09-09 00:00:00,25,6
2020-09-28 00:00:00,observed,4853,64.7649329010102,,,9999-09-09 00:00:00,9999-09-09 00:00:00,9999-09-09 00:00:00,25,6
2020-09-29 00:00:00,observed,4853,64.5083375365684,,,9999-09-09 00:00:00,9999-09-09 00:00:00,9999-09-09 00:00:00,25,6
2020-09-30 00:00:00,observed,4853,64.1255835570419,,,9999-09-09 00:00:00,9999-09-09 00:00:00,9999-09-09 00:00:00,25,6
2020-10-01 00:00:00,observed,4853,63.8623754052235,,,9999-09-09 00:00:00,9999-09-09 00:00:00,9999-09-09 00:00:00,25,6
2020-10-02 00:00:00,observed,4853,63.6134302676501,,,9999-09-09 00:00:00,9999-09-09 00:00:00,9999-09-09 00:00:00,25,6
2020-10-03 00:00:00,observed,4853,63.3735862372786,,,9999-09-09 00:00:00,9999-09-09 00:00:00,9999-09-09 00:00:00,25,6
2020-10-04 00:00:00,observed,4853,63.1948985768249,,,9999-09-09 00:00:00,9999-09-09 00:00:00,9999-09-09 00:00:00,25,6
2020-10-05 00:00:00,observed,4853,63.678124954362,,,9999-09-09 00:00:00,9999-09-09 00:00:00,9999-09-09 00:00:00,25,6
2020-10-06 00:00:00,observed,4853,64.2762258503505,,,9999-09-09 00:00:00,9999-09-09 00:00:00,9999-09-09 00:00:00,25,6
2020-10-07 00:00:00,observed,4853,64.6271454368558,,,9999-09-09 00:00:00,9999-09-09 00:00:00,9999-09-09 00:00:00,25,6
2020-10-08 00:00:00,observed,4853,64.8936382639694,,,9999-09-09 00:00:00,9999-09-09 00:00:00,9999-09-09 00:00:00,25,6
2020-10-09 00:00:00,observed,4853,65.3974941782677,,,9999-09-09 00:00:00,9999-09-09 00:00:00,9999-09-09 00:00:00,25,6
2020-10-10 00:00:00,observed,4853,66.0451997155246,,,9999-09-09 00:00:00,9999-09-09 00:00:00,9999-09-09 00:00:00,25,6
2020-10-11 00:00:00,observed,4853,66.7653910333717,,,9999-09-09 00:00:00,9999-09-09 00:00:00,9999-09-09 00:00:00,25,6
2020-10-12 00:00:00,observed,4853,67.4752916672602,,,9999-09-09 00:00:00,9999-09-09 00:00:00,9999-09-09 00:00:00,25,6
2020-10-13 00:00:00,observed,4853,68.1521707559932,,,9999-09-09 00:00:00,9999-09-09 00:00:00,9999-09-09 00:00:00,25,6
2020-10-14 00:00:00,observed,4853,68.5310198400797,,,9999-09-09 00:00:00,9999-09-09 00:00:00,9999-09-09 00:00:00,25,6
2020-10-15 00:00:00,observed,4853,68.4365788174588,,,9999-09-09 00:00:00,9999-09-09 00:00:00,9999-09-09 00:00:00,25,6
2020-10-16 00:00:00,observed,4853,67.8188617437286,,,9999-09-09 00:00:00,9999-09-09 00:00:00,9999-09-09 00:00:00,25,6
2020-10-17 00:00:00,observed,4853,67.0311737977559,,,9999-09-09 00:00:00,9999-09-09 00:00:00,9999-09-09 00:00:00,25,6
2020-10-18 00:00:00,observed,4853,66.3503993780234,,,9999-09-09 00:00:00,9999-09-09 00:00:00,9999-09-09 00:00:00,25,6
2020-10-19 00:00:00,observed,4853,65.8346889184111,,,9999-09-09 00:00:00,9999-09-09 00:00:00,9999-09-09 00:00:00,25,6
2020-10-20 00:00:00,observed,4853,65.1264936421488,,,9999-09-09 00:00:00,9999-09-09 00:00:00,9999-09-09 00:00:00,25,6
2020-10-21 00:00:00,observed,4853,64.1039356008636,,,9999-09-09 00:00:00,9999-09-09 00:00:00,9999-09-09 00:00:00,25,6
2020-10-22 00:00:00,observed,4853,63.0693758589776,,,9999-09-09 00:00:00,9999-09-09 00:00:00,9999-09-09 00:00:00,25,6
2020-10-23 00:00:00,observed,4853,61.9172422432552,,,9999-09-09 00:00:00,9999-09-09 00:00:00,9999-09-09 00:00:00,25,6
2020-10-24 00:00:00,observed,4853,60.4391820856658,,,9999-09-09 00:00:00,9999-09-09 00:00:00,9999-09-09 00:00:00,25,6
2020-10-25 00:00:00,observed,4853,59.2317113811368,,,9999-09-09 00:00:00,9999-09-09 00:00:00,9999-09-09 00:00:00,25,6
2020-10-26 00:00:00,observed,4853,58.2828122668961,,,9999-09-09 00:00:00,9999-09-09 00:00:00,9999-09-09 00:00:00,25,6
2020-10-27 00:00:00,observed,4853,57.5865937094856,,,9999-09-09 00:00:00,9999-09-09 00:00:00,9999-09-09 00:00:00,25,6
2020-10-28 00:00:00,observed,4853,56.8820209564525,,,9999-09-09 00:00:00,9999-09-09 00:00:00,9999-09-09 00:00:00,25,6
2020-10-29 00:00:00,observed,4853,55.9333557863133,,,9999-09-09 00:00:00,9999-09-09 00:00:00,9999-09-09 00:00:00,25,6
2020-10-30 00:00:00,observed,4853,54.7383912436128,,,9999-09-09 00:00:00,9999-09-09 00:00:00,9999-09-09 00:00:00,25,6
2020-10-31 00:00:00,observed,4853,53.6553953184706,,,9999-09-09 00:00:00,9999-09-09 00:00:00,9999-09-09 00:00:00,25,6
2020-11-01 00:00:00,observed,4853,52.8183893309411,,,9999-09-09 00:00:00,9999-09-09 00:00:00,9999-09-09 00:00:00,25,6
2020-11-02 00:00:00,observed,4853,52.1568744946273,,,9999-09-09 00:00:00,9999-09-09 00:00:00,9999-09-09 00:00:00,25,6
2020-11-03 00:00:00,observed,4853,51.7526578822055,,,9999-09-09 00:00:00,9999-09-09 00:00:00,9999-09-09 00:00:00,25,6
2020-11-04 00:00:00,observed,4853,52.0405913186626,,,9999-09-09 00:00:00,9999-09-09 00:00:00,9999-09-09 00:00:00,25,6
2020-11-05 00:00:00,observed,4853,52.5275197878467,,,9999-09-09 00:00:00,9999-09-09 00:00:00,9999-09-09 00:00:00,25,6
2020-11-06 00:00:00,observed,4853,53.1129470944906,,,9999-09-09 00:00:00,9999-09-09 00:00:00,9999-09-09 00:00:00,25,6
2020-11-07 00:00:00,observed,4853,53.4724218235379,,,9999-09-09 00:00:00,9999-09-09 00:00:00,9999-09-09 00:00:00,25,6
2020-11-08 00:00:00,observed,4853,53.8723068058114,,,9999-09-09 00:00:00,9999-09-09 00:00:00,9999-09-09 00:00:00,25,6
2020-11-09 00:00:00,observed,4853,54.7712967405227,,,9999-09-09 00:00:00,9999-09-09 00:00:00,9999-09-09 00:00:00,25,6
2020-11-10 00:00:00,observed,4853,55.9638775456252,,,9999-09-09 00:00:00,9999-09-09 00:00:00,9999-09-09 00:00:00,25,6
2020-11-11 00:00:00,observed,4853,57.1035354645039,,,9999-09-09 00:00:00,9999-09-09 00:00:00,9999-09-09 00:00:00,25,6
2020-11-12 00:00:00,observed,4853,58.2753993452208,,,9999-09-09 00:00:00,9999-09-09 00:00:00,9999-09-09 00:00:00,25,6
2020-11-13 00:00:00,observed,4853,59.2181575323037,,,9999-09-09 00:00:00,9999-09-09 00:00:00,9999-09-09 00:00:00,25,6
2020-11-14 00:00:00,observed,4853,59.8106922277863,,,9999-09-09 00:00:00,9999-09-09 00:00:00,9999-09-09 00:00:00,25,6
2020-11-15 00:00:00,observed,4853,59.8620277884687,,,9999-09-09 00:00:00,9999-09-09 00:00:00,9999-09-09 00:00:00,25,6
2020-11-16 00:00:00,observed,4853,59.7819846366853,,,9999-09-09 00:00:00,9999-09-09 00:00:00,9999-09-09 00:00:00,25,6
2020-11-17 00:00:00,observed,4853,59.7720255672662,,,9999-09-09 00:00:00,9999-09-09 00:00:00,9999-09-09 00:00:00,25,6
2020-11-18 00:00:00,observed,4853,60.0408392107645,,,9999-09-09 00:00:00,9999-09-09 00:00:00,9999-09-09 00:00:00,25,6
2020-11-19 00:00:00,observed,4853,60.4194714898552,,,9999-09-09 00:00:00,9999-09-09 00:00:00,9999-09-09 00:00:00,25,6
2020-11-20 00:00:00,observed,4853,60.4446053626588,,,9999-09-09 00:00:00,9999-09-09 00:00:00,9999-09-09 00:00:00,25,6
2020-11-21 00:00:00,observed,4853,60.4128909702833,,,9999-09-09 00:00:00,9999-09-09 00:00:00,9999-09-09 00:00:00,25,6
2020-11-22 00:00:00,observed,4853,60.6414156319388,,,9999-09-09 00:00:00,9999-09-09 00:00:00,9999-09-09 00:00:00,25,6
2020-11-23 00:00:00,observed,4853,60.8837988230355,,,9999-09-09 00:00:00,9999-09-09 00:00:00,9999-09-09 00:00:00,25,6
2020-11-24 00:00:00,observed,4853,61.355587053282,,,9999-09-09 00:00:00,9999-09-09 00:00:00,9999-09-09 00:00:00,25,6
2020-11-25 00:00:00,observed,4853,62.1305278420994,,,9999-09-09 00:00:00,9999-09-09 00:00:00,9999-09-09 00:00:00,25,6
2020-11-26 00:00:00,observed,4853,63.2019901739491,,,9999-09-09 00:00:00,9999-09-09 00:00:00,9999-09-09 00:00:00,25,6
2020-11-27 00:00:00,observed,4853,64.2440144973408,,,9999-09-09 00:00:00,9999-09-09 00:00:00,9999-09-09 00:00:00,25,6
2020-11-28 00:00:00,observed,4853,65.0471235280906,,,9999-09-09 00:00:00,9999-09-09 00:00:00,9999-09-09 00:00:00,25,6
2020-11-29 00:00:00,observed,4853,65.6407581372619,,,9999-09-09 00:00:00,9999-09-09 00:00:00,9999-09-09 00:00:00,25,6
2020-11-30 00:00:00,observed,4853,66.2624663464113,,,9999-09-09 00:00:00,9999-09-09 00:00:00,9999-09-09 00:00:00,25,6
2020-12-01 00:00:00,observed,4853,66.9281037657378,,,9999-09-09 00:00:00,9999-09-09 00:00:00,9999-09-09 00:00:00,25,6
2020-12-02 00:00:00,observed,4853,67.6632238951527,,,9999-09-09 00:00:00,9999-09-09 00:00:00,9999-09-09 00:00:00,25,6
2020-12-03 00:00:00,observed,4853,68.2744271169682,,,9999-09-09 00:00:00,9999-09-09 00:00:00,9999-09-09 00:00:00,25,6
2020-12-04 00:00:00,observed,4853,68.8249428077268,,,9999-09-09 00:00:00,9999-09-09 00:00:00,9999-09-09 00:00:00,25,6
2020-12-05 00:00:00,observed,4853,69.4052447357163,,,9999-09-09 00:00:00,9999-09-09 00:00:00,9999-09-09 00:00:00,25,6
2020-12-06 00:00:00,observed,4853,69.9290588324505,,,9999-09-09 00:00:00,9999-09-09 00:00:00,9999-09-09 00:00:00,25,6
2020-12-07 00:00:00,observed,4853,70.332841718565,,,9999-09-09 00:00:00,9999-09-09 00:00:00,9999-09-09 00:00:00,25,6
2020-12-08 00:00:00,observed,4853,70.7200909115055,,,9999-09-09 00:00:00,9999-09-09 00:00:00,9999-09-09 00:00:00,25,6
2020-12-09 00:00:00,observed,4853,71.2641980193608,,,9999-09-09 00:00:00,9999-09-09 00:00:00,9999-09-09 00:00:00,25,6
2020-12-10 00:00:00,observed,4853,71.8295473294544,,,9999-09-09 00:00:00,9999-09-09 00:00:00,9999-09-09 00:00:00,25,6
2020-12-11 00:00:00,observed,4853,72.1605847163073,,,9999-09-09 00:00:00,9999-09-09 00:00:00,9999-09-09 00:00:00,25,6
2020-12-12 00:00:00,observed,4853,72.6622867016587,,,9999-09-09 00:00:00,9999-09-09 00:00:00,9999-09-09 00:00:00,25,6
2020-12-13 00:00:00,observed,4853,73.0782027725982,,,9999-09-09 00:00:00,9999-09-09 00:00:00,9999-09-09 00:00:00,25,6
2020-12-14 00:00:00,observed,4853,73.2715411068642,,,9999-09-09 00:00:00,9999-09-09 00:00:00,9999-09-09 00:00:00,25,6
2020-12-15 00:00:00,observed,4853,73.4657536784757,,,9999-09-09 00:00:00,9999-09-09 00:00:00,9999-09-09 00:00:00,25,6
2020-12-16 00:00:00,observed,4853,73.5067285060884,,,9999-09-09 00:00:00,9999-09-09 00:00:00,9999-09-09 00:00:00,25,6
2020-12-17 00:00:00,observed,4853,73.5803009486178,,,9999-09-09 00:00:00,9999-09-09 00:00:00,9999-09-09 00:00:00,25,6
2020-12-18 00:00:00,observed,4853,73.5645084270938,,,9999-09-09 00:00:00,9999-09-09 00:00:00,9999-09-09 00:00:00,25,6
2020-12-19 00:00:00,observed,4853,73.656376822475,,,9999-09-09 00:00:00,9999-09-09 00:00:00,9999-09-09 00:00:00,25,6
2020-12-20 00:00:00,observed,4853,73.7032089231141,,,9999-09-09 00:00:00,9999-09-09 00:00:00,9999-09-09 00:00:00,25,6
2020-12-21 00:00:00,observed,4853,73.864660711179,,,9999-09-09 00:00:00,9999-09-09 00:00:00,9999-09-09 00:00:00,25,6
2020-12-22 00:00:00,observed,4853,74.1895326125164,,,9999-09-09 00:00:00,9999-09-09 00:00:00,9999-09-09 00:00:00,25,6
2020-12-23 00:00:00,observed,4853,74.3881792871667,,,9999-09-09 00:00:00,9999-09-09 00:00:00,9999-09-09 00:00:00,25,6
2020-12-24 00:00:00,observed,4853,74.4987880147937,,,9999-09-09 00:00:00,9999-09-09 00:00:00,9999-09-09 00:00:00,25,6
2020-12-25 00:00:00,observed,4853,74.9285503357049,,,9999-09-09 00:00:00,9999-09-09 00:00:00,9999-09-09 00:00:00,25,6
2020-12-26 00:00:00,observed,4853,75.4055894241959,,,9999-09-09 00:00:00,9999-09-09 00:00:00,9999-09-09 00:00:00,25,6
2020-12-27 00:00:00,observed,4853,76.0070060666167,,,9999-09-09 00:00:00,9999-09-09 00:00:00,9999-09-09 00:00:00,25,6
2020-12-28 00:00:00,observed,4853,76.5243993368571,,,9999-09-09 00:00:00,9999-09-09 00:00:00,9999-09-09 00:00:00,25,6
2020-12-29 00:00:00,observed,4853,76.9446526959645,,,9999-09-09 00:00:00,9999-09-09 00:00:00,9999-09-09 00:00:00,25,6
2020-12-30 00:00:00,observed,4853,77.1934014701392,,,9999-09-09 00:00:00,9999-09-09 00:00:00,9999-09-09 00:00:00,25,6
2020-12-31 00:00:00,observed,4853,77.4288861495884,,,9999-09-09 00:00:00,9999-09-09 00:00:00,9999-09-09 00:00:00,25,6
2021-01-01 00:00:00,observed,4853,77.7137012982963,,,9999-09-09 00:00:00,9999-09-09 00:00:00,9999-09-09 00:00:00,25,6
2021-01-02 00:00:00,observed,4853,78.0201686688964,,,9999-09-09 00:00:00,9999-09-09 00:00:00,9999-09-09 00:00:00,25,6
2021-01-03 00:00:00,observed,4853,78.2422647728624,,,9999-09-09 00:00:00,9999-09-09 00:00:00,9999-09-09 00:00:00,25,6
2021-01-04 00:00:00,observed,4853,78.5201875368353,,,9999-09-09 00:00:00,9999-09-09 00:00:00,9999-09-09 00:00:00,25,6
2021-01-05 00:00:00,observed,4853,78.5520028727604,,,9999-09-09 00:00:00,9999-09-09 00:00:00,9999-09-09 00:00:00,25,6
2021-01-06 00:00:00,observed,4853,78.5194608826559,,,9999-09-09 00:00:00,9999-09-09 00:00:00,9999-09-09 00:00:00,25,6
2021-01-07 00:00:00,observed,4853,78.2766924632674,,,9999-09-09 00:00:00,9999-09-09 00:00:00,9999-09-09 00:00:00,25,6
2021-01-08 00:00:00,observed,4853,77.9219614352557,,,9999-09-09 00:00:00,9999-09-09 00:00:00,9999-09-09 00:00:00,25,6
2021-01-09 00:00:00,observed,4853,77.8811229993971,,,9999-09-09 00:00:00,9999-09-09 00:00:00,9999-09-09 00:00:00,25,6
2021-01-10 00:00:00,observed,4853,77.7889005154754,,,9999-09-09 00:00:00,9999-09-09 00:00:00,9999-09-09 00:00:00,25,6
2021-01-11 00:00:00,observed,4853,77.5614556973438,,,9999-09-09 00:00:00,9999-09-09 00:00:00,9999-09-09 00:00:00,25,6
2021-01-12 00:00:00,observed,4853,77.1829168673231,,,9999-09-09 00:00:00,9999-09-09 00:00:00,9999-09-09 00:00:00,25,6
2021-01-13 00:00:00,observed,4853,76.725798151789,,,9999-09-09 00:00:00,9999-09-09 00:00:00,9999-09-09 00:00:00,25,6
2021-01-14 00:00:00,observed,4853,76.3353156500827,,,9999-09-09 00:00:00,9999-09-09 00:00:00,9999-09-09 00:00:00,25,6
2021-01-15 00:00:00,observed,4853,75.8959075891077,,,9999-09-09 00:00:00,9999-09-09 00:00:00,9999-09-09 00:00:00,25,6
2021-01-16 00:00:00,observed,4853,75.4534027555682,,,9999-09-09 00:00:00,9999-09-09 00:00:00,9999-09-09 00:00:00,25,6
2021-01-17 00:00:00,observed,4853,74.9687047676728,,,9999-09-09 00:00:00,9999-09-09 00:00:00,9999-09-09 00:00:00,25,6
2021-01-18 00:00:00,observed,4853,74.5416048515784,,,9999-09-09 00:00:00,9999-09-09 00:00:00,9999-09-09 00:00:00,25,6
2021-01-19 00:00:00,observed,4853,74.3633468365654,,,9999-09-09 00:00:00,9999-09-09 00:00:00,9999-09-09 00:00:00,25,6
2021-01-20 00:00:00,observed,4853,74.0747797748171,,,9999-09-09 00:00:00,9999-09-09 00:00:00,9999-09-09 00:00:00,25,6
2021-01-21 00:00:00,observed,4853,73.8106433949166,,,9999-09-09 00:00:00,9999-09-09 00:00:00,9999-09-09 00:00:00,25,6
2021-01-22 00:00:00,observed,4853,73.6881140894728,,,9999-09-09 00:00:00,9999-09-09 00:00:00,9999-09-09 00:00:00,25,6
2021-01-23 00:00:00,observed,4853,73.6104750152225,,,9999-09-09 00:00:00,9999-09-09 00:00:00,9999-09-09 00:00:00,25,6
2021-01-24 00:00:00,observed,4853,73.5810925877201,,,9999-09-09 00:00:00,9999-09-09 00:00:00,9999-09-09 00:00:00,25,6
2021-01-25 00:00:00,observed,4853,73.4073183014062,,,9999-09-09 00:00:00,9999-09-09 00:00:00,9999-09-09 00:00:00,25,6
2021-01-26 00:00:00,observed,4853,73.4408647079302,,,9999-09-09 00:00:00,9999-09-09 00:00:00,9999-09-09 00:00:00,25,6
2021-01-27 00:00:00,observed,4853,73.589470834761,,,9999-09-09 00:00:00,9999-09-09 00:00:00,9999-09-09 00:00:00,25,6
2021-01-28 00:00:00,observed,4853,73.7042928030556,,,9999-09-09 00:00:00,9999-09-09 00:00:00,9999-09-09 00:00:00,25,6
2021-01-29 00:00:00,observed,4853,73.564607556415,,,9999-09-09 00:00:00,9999-09-09 00:00:00,9999-09-09 00:00:00,25,6
2021-01-30 00:00:00,observed,4853,73.1236001891826,,,9999-09-09 00:00:00,9999-09-09 00:00:00,9999-09-09 00:00:00,25,6
2021-01-31 00:00:00,observed,4853,72.5976444878359,,,9999-09-09 00:00:00,9999-09-09 00:00:00,9999-09-09 00:00:00,25,6
2021-02-01 00:00:00,observed,4853,72.2281006531892,,,9999-09-09 00:00:00,9999-09-09 00:00:00,9999-09-09 00:00:00,25,6
2021-02-02 00:00:00,observed,4853,71.8271383334871,,,9999-09-09 00:00:00,9999-09-09 00:00:00,9999-09-09 00:00:00,25,6
2021-02-03 00:00:00,observed,4853,71.3831288348273,,,9999-09-09 00:00:00,9999-09-09 00:00:00,9999-09-09 00:00:00,25,6
2021-02-04 00:00:00,observed,4853,70.8129782804683,,,9999-09-09 00:00:00,9999-09-09 00:00:00,9999-09-09 00:00:00,25,6
2021-02-05 00:00:00,observed,4853,70.5501757744343,,,9999-09-09 00:00:00,9999-09-09 00:00:00,9999-09-09 00:00:00,25,6
2021-02-06 00:00:00,observed,4853,70.0151773847373,,,9999-09-09 00:00:00,9999-09-09 00:00:00,9999-09-09 00:00:00,25,6
2021-02-07 00:00:00,observed,4853,69.4196719752915,,,9999-09-09 00:00:00,9999-09-09 00:00:00,9999-09-09 00:00:00,25,6
2021-02-08 00:00:00,observed,4853,69.0039602182429,,,9999-09-09 00:00:00,9999-09-09 00:00:00,9999-09-09 00:00:00,25,6
2021-02-09 00:00:00,observed,4853,69.222165521671,,,9999-09-09 00:00:00,9999-09-09 00:00:00,9999-09-09 00:00:00,25,6
2021-02-10 00:00:00,observed,4853,69.4512443139319,,,9999-09-09 00:00:00,9999-09-09 00:00:00,9999-09-09 00:00:00,25,6
2021-02-11 00:00:00,observed,4853,69.6036822551938,,,9999-09-09 00:00:00,9999-09-09 00:00:00,9999-09-09 00:00:00,25,6
2021-02-12 00:00:00,observed,4853,69.7478786011443,,,9999-09-09 00:00:00,9999-09-09 00:00:00,9999-09-09 00:00:00,25,6
2021-02-13 00:00:00,observed,4853,69.9397080688835,,,9999-09-09 00:00:00,9999-09-09 00:00:00,9999-09-09 00:00:00,25,6
2021-02-14 00:00:00,observed,4853,70.2667331711287,,,9999-09-09 00:00:00,9999-09-09 00:00:00,9999-09-09 00:00:00,25,6
2021-02-15 00:00:00,observed,4853,70.5998676905998,,,9999-09-09 00:00:00,9999-09-09 00:00:00,9999-09-09 00:00:00,25,6
2021-02-16 00:00:00,observed,4853,70.7565485873733,,,9999-09-09 00:00:00,9999-09-09 00:00:00,9999-09-09 00:00:00,25,6
2021-02-17 00:00:00,observed,4853,70.9550673436125,,,9999-09-09 00:00:00,9999-09-09 00:00:00,9999-09-09 00:00:00,25,6
2021-02-18 00:00:00,observed,4853,70.9380648035855,,,9999-09-09 00:00:00,9999-09-09 00:00:00,9999-09-09 00:00:00,25,6
2021-02-19 00:00:00,observed,4853,70.7064954839854,,,9999-09-09 00:00:00,9999-09-09 00:00:00,9999-09-09 00:00:00,25,6
2021-02-20 00:00:00,observed,4853,70.0352680162433,,,9999-09-09 00:00:00,9999-09-09 00:00:00,9999-09-09 00:00:00,25,6
2021-02-21 00:00:00,observed,4853,69.7062554932522,,,9999-09-09 00:00:00,9999-09-09 00:00:00,9999-09-09 00:00:00,25,6
2021-02-22 00:00:00,observed,4853,69.4723252703042,,,9999-09-09 00:00:00,9999-09-09 00:00:00,9999-09-09 00:00:00,25,6
2021-02-23 00:00:00,observed,4853,69.1705494208706,,,9999-09-09 00:00:00,9999-09-09 00:00:00,9999-09-09 00:00:00,25,6
2021-02-24 00:00:00,observed,4853,68.7007373027787,,,9999-09-09 00:00:00,9999-09-09 00:00:00,9999-09-09 00:00:00,25,6
2021-02-25 00:00:00,observed,4853,68.0698284567273,,,9999-09-09 00:00:00,9999-09-09 00:00:00,9999-09-09 00:00:00,25,6
2021-02-26 00:00:00,observed,4853,67.480891219944,,,9999-09-09 00:00:00,9999-09-09 00:00:00,9999-09-09 00:00:00,25,6
2021-02-27 00:00:00,observed,4853,66.6659002771425,,,9999-09-09 00:00:00,9999-09-09 00:00:00,9999-09-09 00:00:00,25,6
2021-02-28 00:00:00,observed,4853,66.0191879580185,,,9999-09-09 00:00:00,9999-09-09 00:00:00,9999-09-09 00:00:00,25,6
2021-03-01 00:00:00,observed,4853,65.8308095096914,,,9999-09-09 00:00:00,9999-09-09 00:00:00,9999-09-09 00:00:00,25,6
2021-03-02 00:00:00,observed,4853,65.8531028899898,,,9999-09-09 00:00:00,9999-09-09 00:00:00,9999-09-09 00:00:00,25,6
2021-03-03 00:00:00,observed,4853,65.8153621408273,,,9999-09-09 00:00:00,9999-09-09 00:00:00,9999-09-09 00:00:00,25,6
2021-03-04 00:00:00,observed,4853,65.5469711308656,,,9999-09-09 00:00:00,9999-09-09 00:00:00,9999-09-09 00:00:00,25,6
2021-03-05 00:00:00,observed,4853,65.4023878161934,,,9999-09-09 00:00:00,9999-09-09 00:00:00,9999-09-09 00:00:00,25,6
2021-03-06 00:00:00,observed,4853,65.0529573993843,,,9999-09-09 00:00:00,9999-09-09 00:00:00,9999-09-09 00:00:00,25,6
2021-03-07 00:00:00,observed,4853,64.8044701063117,,,9999-09-09 00:00:00,9999-09-09 00:00:00,9999-09-09 00:00:00,25,6
2021-03-08 00:00:00,observed,4853,64.5876401189599,,,9999-09-09 00:00:00,9999-09-09 00:00:00,9999-09-09 00:00:00,25,6
2021-03-09 00:00:00,observed,4853,64.4985001606163,,,9999-09-09 00:00:00,9999-09-09 00:00:00,9999-09-09 00:00:00,25,6
2021-03-10 00:00:00,observed,4853,64.8189202966407,,,9999-09-09 00:00:00,9999-09-09 00:00:00,9999-09-09 00:00:00,25,6
2021-03-11 00:00:00,observed,4853,65.1439682093242,,,9999-09-09 00:00:00,9999-09-09 00:00:00,9999-09-09 00:00:00,25,6
2021-03-12 00:00:00,observed,4853,65.263323543971,,,9999-09-09 00:00:00,9999-09-09 00:00:00,9999-09-09 00:00:00,25,6
2021-03-13 00:00:00,observed,4853,65.1315096645114,,,9999-09-09 00:00:00,9999-09-09 00:00:00,9999-09-09 00:00:00,25,6
2021-03-14 00:00:00,observed,4853,65.0992932930255,,,9999-09-09 00:00:00,9999-09-09 00:00:00,9999-09-09 00:00:00,25,6
2021-03-15 00:00:00,observed,4853,65.1690980881211,,,9999-09-09 00:00:00,9999-09-09 00:00:00,9999-09-09 00:00:00,25,6
2021-03-16 00:00:00,observed,4853,65.250111837579,,,9999-09-09 00:00:00,9999-09-09 00:00:00,9999-09-09 00:00:00,25,6
2021-03-17 00:00:00,observed,4853,65.6955406273463,,,9999-09-09 00:00:00,9999-09-09 00:00:00,9999-09-09 00:00:00,25,6
2021-03-18 00:00:00,observed,4853,66.3548716749123,,,9999-09-09 00:00:00,9999-09-09 00:00:00,9999-09-09 00:00:00,25,6
2021-03-19 00:00:00,observed,4853,67.142135645411,,,9999-09-09 00:00:00,9999-09-09 00:00:00,9999-09-09 00:00:00,25,6
2021-03-20 00:00:00,observed,4853,67.8136321139167,,,9999-09-09 00:00:00,9999-09-09 00:00:00,9999-09-09 00:00:00,25,6
2021-03-21 00:00:00,observed,4853,68.2891044367064,,,9999-09-09 00:00:00,9999-09-09 00:00:00,9999-09-09 00:00:00,25,6
2021-03-22 00:00:00,observed,4853,68.7077368945915,,,9999-09-09 00:00:00,9999-09-09 00:00:00,9999-09-09 00:00:00,25,6
2021-03-23 00:00:00,observed,4853,69.0507613886158,,,9999-09-09 00:00:00,9999-09-09 00:00:00,9999-09-09 00:00:00,25,6
2021-03-24 00:00:00,observed,4853,69.7126113636362,,,9999-09-09 00:00:00,9999-09-09 00:00:00,9999-09-09 00:00:00,25,6
2021-03-25 00:00:00,observed,4853,70.5330173979837,,,9999-09-09 00:00:00,9999-09-09 00:00:00,9999-09-09 00:00:00,25,6
2021-03-26 00:00:00,observed,4853,71.0159810671107,,,9999-09-09 00:00:00,9999-09-09 00:00:00,9999-09-09 00:00:00,25,6
2021-03-27 00:00:00,observed,4853,71.2557423462655,,,9999-09-09 00:00:00,9999-09-09 00:00:00,9999-09-09 00:00:00,25,6
2021-03-28 00:00:00,observed,4853,71.3290494730338,,,9999-09-09 00:00:00,9999-09-09 00:00:00,9999-09-09 00:00:00,25,6
2021-03-29 00:00:00,observed,4853,71.2314678137349,,,9999-09-09 00:00:00,9999-09-09 00:00:00,9999-09-09 00:00:00,25,6
2021-03-30 00:00:00,observed,4853,70.8204125480499,,,9999-09-09 00:00:00,9999-09-09 00:00:00,9999-09-09 00:00:00,25,6
2021-03-31 00:00:00,observed,4853,70.5876743250069,,,9999-09-09 00:00:00,9999-09-09 00:00:00,9999-09-09 00:00:00,25,6
2021-04-01 00:00:00,observed,4853,70.3237104197066,,,9999-09-09 00:00:00,9999-09-09 00:00:00,9999-09-09 00:00:00,25,6
2021-04-02 00:00:00,observed,4853,70.1059653114287,,,9999-09-09 00:00:00,9999-09-09 00:00:00,9999-09-09 00:00:00,25,6
2021-04-03 00:00:00,observed,4853,70.0601149599979,,,9999-09-09 00:00:00,9999-09-09 00:00:00,9999-09-09 00:00:00,25,6
2021-04-04 00:00:00,observed,4853,69.8549822213895,,,9999-09-09 00:00:00,9999-09-09 00:00:00,9999-09-09 00:00:00,25,6
2021-04-05 00:00:00,observed,4853,69.5893413855089,,,9999-09-09 00:00:00,9999-09-09 00:00:00,9999-09-09 00:00:00,25,6
2021-04-06 00:00:00,observed,4853,69.8520638862146,,,9999-09-09 00:00:00,9999-09-09 00:00:00,9999-09-09 00:00:00,25,6
2021-04-07 00:00:00,observed,4853,70.2194638076386,,,9999-09-09 00:00:00,9999-09-09 00:00:00,9999-09-09 00:00:00,25,6
2021-04-08 00:00:00,observed,4853,70.5825311892022,,,9999-09-09 00:00:00,9999-09-09 00:00:00,9999-09-09 00:00:00,25,6
2021-04-09 00:00:00,observed,4853,70.860457332465,,,9999-09-09 00:00:00,9999-09-09 00:00:00,9999-09-09 00:00:00,25,6
2021-04-10 00:00:00,observed,4853,71.4840488546018,,,9999-09-09 00:00:00,9999-09-09 00:00:00,9999-09-09 00:00:00,25,6
2021-04-11 00:00:00,observed,4853,71.9369176075828,,,9999-09-09 00:00:00,9999-09-09 00:00:00,9999-09-09 00:00:00,25,6
2021-04-12 00:00:00,observed,4853,72.5724030182367,,,9999-09-09 00:00:00,9999-09-09 00:00:00,9999-09-09 00:00:00,25,6
2021-04-13 00:00:00,observed,4853,72.949677441456,,,9999-09-09 00:00:00,9999-09-09 00:00:00,9999-09-09 00:00:00,25,6
2021-04-14 00:00:00,observed,4853,73.1362157601621,,,9999-09-09 00:00:00,9999-09-09 00:00:00,9999-09-09 00:00:00,25,6
2021-04-15 00:00:00,observed,4853,73.3299591796497,,,9999-09-09 00:00:00,9999-09-09 00:00:00,9999-09-09 00:00:00,25,6
2021-04-16 00:00:00,observed,4853,73.5426199865023,,,9999-09-09 00:00:00,9999-09-09 00:00:00,9999-09-09 00:00:00,25,6
2021-04-17 00:00:00,observed,4853,73.5236070902899,,,9999-09-09 00:00:00,9999-09-09 00:00:00,9999-09-09 00:00:00,25,6
2021-04-18 00:00:00,observed,4853,73.7033617723099,,,9999-09-09 00:00:00,9999-09-09 00:00:00,9999-09-09 00:00:00,25,6
2021-04-19 00:00:00,observed,4853,73.9565736701116,,,9999-09-09 00:00:00,9999-09-09 00:00:00,9999-09-09 00:00:00,25,6
2021-04-20 00:00:00,observed,4853,74.3205735715034,,,9999-09-09 00:00:00,9999-09-09 00:00:00,9999-09-09 00:00:00,25,6
2021-04-21 00:00:00,observed,4853,74.4841698931779,,,9999-09-09 00:00:00,9999-09-09 00:00:00,9999-09-09 00:00:00,25,6
2021-04-22 00:00:00,observed,4853,74.5524679355658,,,9999-09-09 00:00:00,9999-09-09 00:00:00,9999-09-09 00:00:00,25,6
2021-04-23 00:00:00,observed,4853,74.5499302984347,,,9999-09-09 00:00:00,9999-09-09 00:00:00,9999-09-09 00:00:00,25,6
2021-04-24 00:00:00,observed,4853,74.9061614072493,,,9999-09-09 00:00:00,9999-09-09 00:00:00,9999-09-09 00:00:00,25,6
2021-04-25 00:00:00,observed,4853,75.4429873490019,,,9999-09-09 00:00:00,9999-09-09 00:00:00,9999-09-09 00:00:00,25,6
2021-04-26 00:00:00,observed,4853,75.9247123049613,,,9999-09-09 00:00:00,9999-09-09 00:00:00,9999-09-09 00:00:00,25,6
2021-04-27 00:00:00,observed,4853,76.2599097815669,,,9999-09-09 00:00:00,9999-09-09 00:00:00,9999-09-09 00:00:00,25,6
2021-04-28 00:00:00,observed,4853,76.5099141793943,,,9999-09-09 00:00:00,9999-09-09 00:00:00,9999-09-09 00:00:00,25,6
2021-04-29 00:00:00,observed,4853,76.4072730380253,,,9999-09-09 00:00:00,9999-09-09 00:00:00,9999-09-09 00:00:00,25,6
2021-04-30 00:00:00,observed,4853,76.2698299638444,,,9999-09-09 00:00:00,9999-09-09 00:00:00,9999-09-09 00:00:00,25,6
2021-05-01 00:00:00,observed,4853,76.0997560733872,,,9999-09-09 00:00:00,9999-09-09 00:00:00,9999-09-09 00:00:00,25,6
2021-05-02 00:00:00,observed,4853,76.1325694571707,,,9999-09-09 00:00:00,9999-09-09 00:00:00,9999-09-09 00:00:00,25,6
2021-05-03 00:00:00,observed,4853,76.4160322377555,,,9999-09-09 00:00:00,9999-09-09 00:00:00,9999-09-09 00:00:00,25,6
2021-05-04 00:00:00,observed,4853,76.7437334324037,,,9999-09-09 00:00:00,9999-09-09 00:00:00,9999-09-09 00:00:00,25,6
2021-05-05 00:00:00,observed,4853,76.9575127954441,,,9999-09-09 00:00:00,9999-09-09 00:00:00,9999-09-09 00:00:00,25,6
2021-05-06 00:00:00,observed,4853,76.9101499324889,,,9999-09-09 00:00:00,9999-09-09 00:00:00,9999-09-09 00:00:00,25,6
2021-05-07 00:00:00,observed,4853,76.757499911338,,,9999-09-09 00:00:00,9999-09-09 00:00:00,9999-09-09 00:00:00,25,6
2021-05-08 00:00:00,observed,4853,76.7728734620626,,,9999-09-09 00:00:00,9999-09-09 00:00:00,9999-09-09 00:00:00,25,6
2021-05-09 00:00:00,observed,4853,76.8012077327505,,,9999-09-09 00:00:00,9999-09-09 00:00:00,9999-09-09 00:00:00,25,6
2021-05-10 00:00:00,observed,4853,77.2099929252732,,,9999-09-09 00:00:00,9999-09-09 00:00:00,9999-09-09 00:00:00,25,6
2021-05-11 00:00:00,observed,4853,77.4562241899731,,,9999-09-09 00:00:00,9999-09-09 00:00:00,9999-09-09 00:00:00,25,6
2021-05-12 00:00:00,observed,4853,77.6738329245489,,,9999-09-09 00:00:00,9999-09-09 00:00:00,9999-09-09 00:00:00,25,6
2021-05-13 00:00:00,observed,4853,77.8140691469656,,,9999-09-09 00:00:00,9999-09-09 00:00:00,9999-09-09 00:00:00,25,6
2021-05-14 00:00:00,observed,4853,77.8491989951131,,,9999-09-09 00:00:00,9999-09-09 00:00:00,9999-09-09 00:00:00,25,6
2021-05-15 00:00:00,observed,4853,77.774792726507,,,9999-09-09 00:00:00,9999-09-09 00:00:00,9999-09-09 00:00:00,25,6
2021-05-16 00:00:00,observed,4853,77.6721540798737,,,9999-09-09 00:00:00,9999-09-09 00:00:00,9999-09-09 00:00:00,25,6
2021-05-17 00:00:00,observed,4853,77.8586305656147,,,9999-09-09 00:00:00,9999-09-09 00:00:00,9999-09-09 00:00:00,25,6
2021-05-18 00:00:00,observed,4853,78.3171225638142,,,9999-09-09 00:00:00,9999-09-09 00:00:00,9999-09-09 00:00:00,25,6
2021-05-19 00:00:00,observed,4853,78.6546226922317,,,9999-09-09 00:00:00,9999-09-09 00:00:00,9999-09-09 00:00:00,25,6
2021-05-20 00:00:00,observed,4853,78.8517410863162,,,9999-09-09 00:00:00,9999-09-09 00:00:00,9999-09-09 00:00:00,25,6
2021-05-21 00:00:00,observed,4853,78.6616410362841,,,9999-09-09 00:00:00,9999-09-09 00:00:00,9999-09-09 00:00:00,25,6
2021-05-22 00:00:00,observed,4853,78.7320462509098,,,9999-09-09 00:00:00,9999-09-09 00:00:00,9999-09-09 00:00:00,25,6
2021-05-23 00:00:00,observed,4853,78.798702668897,,,9999-09-09 00:00:00,9999-09-09 00:00:00,9999-09-09 00:00:00,25,6
2021-05-24 00:00:00,observed,4853,78.7098815209069,,,9999-09-09 00:00:00,9999-09-09 00:00:00,9999-09-09 00:00:00,25,6
2021-05-25 00:00:00,observed,4853,78.5614540549358,,,9999-09-09 00:00:00,9999-09-09 00:00:00,9999-09-09 00:00:00,25,6
2021-05-26 00:00:00,observed,4853,78.3306917477508,,,9999-09-09 00:00:00,9999-09-09 00:00:00,9999-09-09 00:00:00,25,6
2021-05-27 00:00:00,observed,4853,77.9322494244764,,,9999-09-09 00:00:00,9999-09-09 00:00:00,9999-09-09 00:00:00,25,6
2021-05-28 00:00:00,observed,4853,77.1982087210098,,,9999-09-09 00:00:00,9999-09-09 00:00:00,9999-09-09 00:00:00,25,6
2021-05-29 00:00:00,observed,4853,76.0490269764756,,,9999-09-09 00:00:00,9999-09-09 00:00:00,9999-09-09 00:00:00,25,6
2021-05-30 00:00:00,observed,4853,74.8373621556108,,,9999-09-09 00:00:00,9999-09-09 00:00:00,9999-09-09 00:00:00,25,6
2021-05-31 00:00:00,observed,4853,74.139979450938,,,9999-09-09 00:00:00,9999-09-09 00:00:00,9999-09-09 00:00:00,25,6
2021-06-01 00:00:00,observed,4853,73.7546805862348,,,9999-09-09 00:00:00,9999-09-09 00:00:00,9999-09-09 00:00:00,25,6
2021-06-02 00:00:00,observed,4853,73.2020229791679,,,9999-09-09 00:00:00,9999-09-09 00:00:00,9999-09-09 00:00:00,25,6
2021-06-03 00:00:00,observed,4853,72.4909966545817,,,9999-09-09 00:00:00,9999-09-09 00:00:00,9999-09-09 00:00:00,25,6
2021-06-04 00:00:00,observed,4853,71.8392087275705,,,9999-09-09 00:00:00,9999-09-09 00:00:00,9999-09-09 00:00:00,25,6
2021-06-05 00:00:00,observed,4853,71.2592238406176,,,9999-09-09 00:00:00,9999-09-09 00:00:00,9999-09-09 00:00:00,25,6
2021-06-06 00:00:00,observed,4853,70.751809714071,,,9999-09-09 00:00:00,9999-09-09 00:00:00,9999-09-09 00:00:00,25,6
2021-06-07 00:00:00,observed,4853,70.4179982134048,,,9999-09-09 00:00:00,9999-09-09 00:00:00,9999-09-09 00:00:00,25,6
2021-06-08 00:00:00,observed,4853,70.4595121848565,,,9999-09-09 00:00:00,9999-09-09 00:00:00,9999-09-09 00:00:00,25,6
2021-06-09 00:00:00,observed,4853,71.1151184245286,,,9999-09-09 00:00:00,9999-09-09 00:00:00,9999-09-09 00:00:00,25,6
2021-06-10 00:00:00,observed,4853,71.9898139344349,,,9999-09-09 00:00:00,9999-09-09 00:00:00,9999-09-09 00:00:00,25,6
2021-06-11 00:00:00,observed,4853,72.5306629067861,,,9999-09-09 00:00:00,9999-09-09 00:00:00,9999-09-09 00:00:00,25,6
2021-06-12 00:00:00,observed,4853,72.919038748801,,,9999-09-09 00:00:00,9999-09-09 00:00:00,9999-09-09 00:00:00,25,6
2021-06-13 00:00:00,observed,4853,73.3660899732307,,,9999-09-09 00:00:00,9999-09-09 00:00:00,9999-09-09 00:00:00,25,6
2021-06-14 00:00:00,observed,4853,74.2299096672088,,,9999-09-09 00:00:00,9999-09-09 00:00:00,9999-09-09 00:00:00,25,6
2021-06-15 00:00:00,observed,4853,75.2903369865657,,,9999-09-09 00:00:00,9999-09-09 00:00:00,9999-09-09 00:00:00,25,6
2021-06-16 00:00:00,observed,4853,76.4023597912478,,,9999-09-09 00:00:00,9999-09-09 00:00:00,9999-09-09 00:00:00,25,6
2021-06-17 00:00:00,observed,4853,77.2704489001857,,,9999-09-09 00:00:00,9999-09-09 00:00:00,9999-09-09 00:00:00,25,6
2021-06-18 00:00:00,observed,4853,78.0978941013035,,,9999-09-09 00:00:00,9999-09-09 00:00:00,9999-09-09 00:00:00,25,6
2021-06-19 00:00:00,observed,4853,78.5925488590246,,,9999-09-09 00:00:00,9999-09-09 00:00:00,9999-09-09 00:00:00,25,6
2021-06-20 00:00:00,observed,4853,78.7357492110422,,,9999-09-09 00:00:00,9999-09-09 00:00:00,9999-09-09 00:00:00,25,6
2021-06-21 00:00:00,observed,4853,78.5926055833203,,,9999-09-09 00:00:00,9999-09-09 00:00:00,9999-09-09 00:00:00,25,6
2021-06-22 00:00:00,observed,4853,78.1359544964894,,,9999-09-09 00:00:00,9999-09-09 00:00:00,9999-09-09 00:00:00,25,6
2021-06-23 00:00:00,observed,4853,77.5859848557542,,,9999-09-09 00:00:00,9999-09-09 00:00:00,9999-09-09 00:00:00,25,6
2021-06-24 00:00:00,observed,4853,76.8547329061378,,,9999-09-09 00:00:00,9999-09-09 00:00:00,9999-09-09 00:00:00,25,6
2021-06-25 00:00:00,observed,4853,75.5097792907412,,,9999-09-09 00:00:00,9999-09-09 00:00:00,9999-09-09 00:00:00,25,6
2021-06-26 00:00:00,observed,4853,74.038128295618,,,9999-09-09 00:00:00,9999-09-09 00:00:00,9999-09-09 00:00:00,25,6
2021-06-27 00:00:00,observed,4853,72.4076513655702,,,9999-09-09 00:00:00,9999-09-09 00:00:00,9999-09-09 00:00:00,25,6
2021-06-28 00:00:00,observed,4853,71.4819401703539,,,9999-09-09 00:00:00,9999-09-09 00:00:00,9999-09-09 00:00:00,25,6
2021-06-29 00:00:00,observed,4853,70.621312731802,,,9999-09-09 00:00:00,9999-09-09 00:00:00,9999-09-09 00:00:00,25,6
2021-06-30 00:00:00,observed,4853,69.9207518966758,,,9999-09-09 00:00:00,9999-09-09 00:00:00,9999-09-09 00:00:00,25,6
2021-07-01 00:00:00,observed,4853,69.1049458676478,,,9999-09-09 00:00:00,9999-09-09 00:00:00,9999-09-09 00:00:00,25,6
2021-07-02 00:00:00,observed,4853,68.4558379700244,,,9999-09-09 00:00:00,9999-09-09 00:00:00,9999-09-09 00:00:00,25,6
2021-07-03 00:00:00,observed,4853,68.2957161639351,,,9999-09-09 00:00:00,9999-09-09 00:00:00,9999-09-09 00:00:00,25,6
2021-07-04 00:00:00,observed,4853,68.2216770984625,,,9999-09-09 00:00:00,9999-09-09 00:00:00,9999-09-09 00:00:00,25,6
2021-07-05 00:00:00,observed,4853,68.337456306136,,,9999-09-09 00:00:00,9999-09-09 00:00:00,9999-09-09 00:00:00,25,6
2021-07-06 00:00:00,observed,4853,68.970928930523,,,9999-09-09 00:00:00,9999-09-09 00:00:00,9999-09-09 00:00:00,25,6
2021-07-07 00:00:00,observed,4853,69.5740797262473,,,9999-09-09 00:00:00,9999-09-09 00:00:00,9999-09-09 00:00:00,25,6
2021-07-08 00:00:00,observed,4853,70.2191478776833,,,9999-09-09 00:00:00,9999-09-09 00:00:00,9999-09-09 00:00:00,25,6
2021-07-09 00:00:00,observed,4853,70.2590034130029,,,9999-09-09 00:00:00,9999-09-09 00:00:00,9999-09-09 00:00:00,25,6
2021-07-10 00:00:00,observed,4853,70.120228520294,,,9999-09-09 00:00:00,9999-09-09 00:00:00,9999-09-09 00:00:00,25,6
2021-07-11 00:00:00,observed,4853,69.8787689099323,,,9999-09-09 00:00:00,9999-09-09 00:00:00,9999-09-09 00:00:00,25,6
2021-07-12 00:00:00,observed,4853,69.7474027648576,,,9999-09-09 00:00:00,9999-09-09 00:00:00,9999-09-09 00:00:00,25,6
2021-07-13 00:00:00,observed,4853,69.6226653515027,,,9999-09-09 00:00:00,9999-09-09 00:00:00,9999-09-09 00:00:00,25,6
2021-07-14 00:00:00,observed,4853,69.3611096965998,,,9999-09-09 00:00:00,9999-09-09 00:00:00,9999-09-09 00:00:00,25,6
2021-07-15 00:00:00,observed,4853,69.1819684412015,,,9999-09-09 00:00:00,9999-09-09 00:00:00,9999-09-09 00:00:00,25,6
2021-07-16 00:00:00,observed,4853,68.9678148726565,,,9999-09-09 00:00:00,9999-09-09 00:00:00,9999-09-09 00:00:00,25,6
2021-07-17 00:00:00,observed,4853,68.6557744680777,,,9999-09-09 00:00:00,9999-09-09 00:00:00,9999-09-09 00:00:00,25,6
2021-07-18 00:00:00,observed,4853,68.3095157187567,,,9999-09-09 00:00:00,9999-09-09 00:00:00,9999-09-09 00:00:00,25,6
2021-07-19 00:00:00,observed,4853,68.1801428748554,,,9999-09-09 00:00:00,9999-09-09 00:00:00,9999-09-09 00:00:00,25,6
2021-07-20 00:00:00,observed,4853,68.3047247597564,,,9999-09-09 00:00:00,9999-09-09 00:00:00,9999-09-09 00:00:00,25,6
2021-07-21 00:00:00,observed,4853,68.370700441705,,,9999-09-09 00:00:00,9999-09-09 00:00:00,9999-09-09 00:00:00,25,6
2021-07-22 00:00:00,observed,4853,68.534225204246,,,9999-09-09 00:00:00,9999-09-09 00:00:00,9999-09-09 00:00:00,25,6
2021-07-23 00:00:00,observed,4853,68.7395862212728,,,9999-09-09 00:00:00,9999-09-09 00:00:00,9999-09-09 00:00:00,25,6
2021-07-24 00:00:00,observed,4853,68.9641004158507,,,9999-09-09 00:00:00,9999-09-09 00:00:00,9999-09-09 00:00:00,25,6
2021-07-25 00:00:00,observed,4853,69.176991060665,,,9999-09-09 00:00:00,9999-09-09 00:00:00,9999-09-09 00:00:00,25,6
2021-07-26 00:00:00,projected,4853,69.176991060665,,,9999-09-09 00:00:00,9999-09-09 00:00:00,9999-09-09 00:00:00,25,3
2021-07-26 00:00:00,projected,4853,69.176991060665,,,9999-09-09 00:00:00,9999-09-09 00:00:00,9999-09-09 00:00:00,25,1
2021-07-27 00:00:00,projected,4853,69.176991060665,,,9999-09-09 00:00:00,9999-09-09 00:00:00,9999-09-09 00:00:00,25,3
2021-07-27 00:00:00,projected,4853,69.176991060665,,,9999-09-09 00:00:00,9999-09-09 00:00:00,9999-09-09 00:00:00,25,1
2021-07-28 00:00:00,projected,4853,69.176991060665,,,9999-09-09 00:00:00,9999-09-09 00:00:00,9999-09-09 00:00:00,25,3
2021-07-28 00:00:00,projected,4853,69.176991060665,,,9999-09-09 00:00:00,9999-09-09 00:00:00,9999-09-09 00:00:00,25,1
2021-07-29 00:00:00,projected,4853,69.176991060665,,,9999-09-09 00:00:00,9999-09-09 00:00:00,9999-09-09 00:00:00,25,3
2021-07-29 00:00:00,projected,4853,69.176991060665,,,9999-09-09 00:00:00,9999-09-09 00:00:00,9999-09-09 00:00:00,25,1
2021-07-30 00:00:00,projected,4853,69.176991060665,,,9999-09-09 00:00:00,9999-09-09 00:00:00,9999-09-09 00:00:00,25,3
2021-07-30 00:00:00,projected,4853,69.176991060665,,,9999-09-09 00:00:00,9999-09-09 00:00:00,9999-09-09 00:00:00,25,1
2021-07-31 00:00:00,projected,4853,69.176991060665,,,9999-09-09 00:00:00,9999-09-09 00:00:00,9999-09-09 00:00:00,25,3
2021-07-31 00:00:00,projected,4853,69.176991060665,,,9999-09-09 00:00:00,9999-09-09 00:00:00,9999-09-09 00:00:00,25,1
2021-08-01 00:00:00,projected,4853,69.176991060665,,,9999-09-09 00:00:00,9999-09-09 00:00:00,9999-09-09 00:00:00,25,3
2021-08-01 00:00:00,projected,4853,69.176991060665,,,9999-09-09 00:00:00,9999-09-09 00:00:00,9999-09-09 00:00:00,25,1
2021-08-02 00:00:00,projected,4853,69.176991060665,,,9999-09-09 00:00:00,9999-09-09 00:00:00,9999-09-09 00:00:00,25,3
2021-08-02 00:00:00,projected,4853,69.176991060665,,,9999-09-09 00:00:00,9999-09-09 00:00:00,9999-09-09 00:00:00,25,1
2021-08-03 00:00:00,projected,4853,69.176991060665,,,9999-09-09 00:00:00,9999-09-09 00:00:00,9999-09-09 00:00:00,25,3
2021-08-03 00:00:00,projected,4853,69.176991060665,,,9999-09-09 00:00:00,9999-09-09 00:00:00,9999-09-09 00:00:00,25,1
2021-08-04 00:00:00,projected,4853,69.176991060665,,,9999-09-09 00:00:00,9999-09-09 00:00:00,9999-09-09 00:00:00,25,3
2021-08-04 00:00:00,projected,4853,69.176991060665,,,9999-09-09 00:00:00,9999-09-09 00:00:00,9999-09-09 00:00:00,25,1
2021-08-05 00:00:00,projected,4853,72.8659923377129,,,9999-09-09 00:00:00,9999-09-09 00:00:00,9999-09-09 00:00:00,25,3
2021-08-05 00:00:00,projected,4853,62.9534272189006,,,9999-09-09 00:00:00,9999-09-09 00:00:00,9999-09-09 00:00:00,25,1
2021-08-06 00:00:00,projected,4853,76.5549936147607,,,9999-09-09 00:00:00,9999-09-09 00:00:00,9999-09-09 00:00:00,25,3
2021-08-06 00:00:00,projected,4853,62.9202331833593,,,9999-09-09 00:00:00,9999-09-09 00:00:00,9999-09-09 00:00:00,25,1
2021-08-07 00:00:00,projected,4853,80.2439948918086,,,9999-09-09 00:00:00,9999-09-09 00:00:00,9999-09-09 00:00:00,25,3
2021-08-07 00:00:00,projected,4853,62.9099961542553,,,9999-09-09 00:00:00,9999-09-09 00:00:00,9999-09-09 00:00:00,25,1
2021-08-08 00:00:00,projected,4853,83.9329961688564,,,9999-09-09 00:00:00,9999-09-09 00:00:00,9999-09-09 00:00:00,25,3
2021-08-08 00:00:00,projected,4853,62.8413307861986,,,9999-09-09 00:00:00,9999-09-09 00:00:00,9999-09-09 00:00:00,25,1
2021-08-09 00:00:00,projected,4853,87.6219974459043,,,9999-09-09 00:00:00,9999-09-09 00:00:00,9999-09-09 00:00:00,25,3
2021-08-09 00:00:00,projected,4853,62.7977727330162,,,9999-09-09 00:00:00,9999-09-09 00:00:00,9999-09-09 00:00:00,25,1
2021-08-10 00:00:00,projected,4853,91.3109987229521,,,9999-09-09 00:00:00,9999-09-09 00:00:00,9999-09-09 00:00:00,25,3
2021-08-10 00:00:00,projected,4853,62.7781634177709,,,9999-09-09 00:00:00,9999-09-09 00:00:00,9999-09-09 00:00:00,25,1
2021-08-11 00:00:00,projected,4853,95.0,,,9999-09-09 00:00:00,9999-09-09 00:00:00,9999-09-09 00:00:00,25,3
2021-08-11 00:00:00,projected,4853,62.6792415600279,,,9999-09-09 00:00:00,9999-09-09 00:00:00,9999-09-09 00:00:00,25,1
2021-08-12 00:00:00,projected,4853,95.0,,,9999-09-09 00:00:00,9999-09-09 00:00:00,9999-09-09 00:00:00,25,3
2021-08-12 00:00:00,projected,4853,62.6363155706584,,,9999-09-09 00:00:00,9999-09-09 00:00:00,9999-09-09 00:00:00,25,1
2021-08-13 00:00:00,projected,4853,95.0,,,9999-09-09 00:00:00,9999-09-09 00:00:00,9999-09-09 00:00:00,25,3
2021-08-13 00:00:00,projected,4853,62.5501453858497,,,9999-09-09 00:00:00,9999-09-09 00:00:00,9999-09-09 00:00:00,25,1
2021-08-14 00:00:00,projected,4853,95.0,,,9999-09-09 00:00:00,9999-09-09 00:00:00,9999-09-09 00:00:00,25,3
2021-08-14 00:00:00,projected,4853,62.5366513765052,,,9999-09-09 00:00:00,9999-09-09 00:00:00,9999-09-09 00:00:00,25,1
2021-08-15 00:00:00,projected,4853,95.0,,,9999-09-09 00:00:00,9999-09-09 00:00:00,9999-09-09 00:00:00,25,3
2021-08-15 00:00:00,projected,4853,62.423899168272,,,9999-09-09 00:00:00,9999-09-09 00:00:00,9999-09-09 00:00:00,25,1
2021-08-16 00:00:00,projected,4853,95.0,,,9999-09-09 00:00:00,9999-09-09 00:00:00,9999-09-09 00:00:00,25,3
2021-08-16 00:00:00,projected,4853,62.3289170626452,,,9999-09-09 00:00:00,9999-09-09 00:00:00,9999-09-09 00:00:00,25,1
2021-08-17 00:00:00,projected,4853,95.0,,,9999-09-09 00:00:00,9999-09-09 00:00:00,9999-09-09 00:00:00,25,3
2021-08-17 00:00:00,projected,4853,62.2497114444114,,,9999-09-09 00:00:00,9999-09-09 00:00:00,9999-09-09 00:00:00,25,1
2021-08-18 00:00:00,projected,4853,95.0,,,9999-09-09 00:00:00,9999-09-09 00:00:00,9999-09-09 00:00:00,25,3
2021-08-18 00:00:00,projected,4853,61.9262644365268,,,9999-09-09 00:00:00,9999-09-09 00:00:00,9999-09-09 00:00:00,25,1
2021-08-19 00:00:00,projected,4853,95.0,,,9999-09-09 00:00:00,9999-09-09 00:00:00,9999-09-09 00:00:00,25,3
2021-08-19 00:00:00,projected,4853,61.8182724139755,,,9999-09-09 00:00:00,9999-09-09 00:00:00,9999-09-09 00:00:00,25,1
2021-08-20 00:00:00,projected,4853,95.0,,,9999-09-09 00:00:00,9999-09-09 00:00:00,9999-09-09 00:00:00,25,3
2021-08-20 00:00:00,projected,4853,61.7603061909504,,,9999-09-09 00:00:00,9999-09-09 00:00:00,9999-09-09 00:00:00,25,1
2021-08-21 00:00:00,projected,4853,95.0,,,9999-09-09 00:00:00,9999-09-09 00:00:00,9999-09-09 00:00:00,25,3
2021-08-21 00:00:00,projected,4853,61.7304791951449,,,9999-09-09 00:00:00,9999-09-09 00:00:00,9999-09-09 00:00:00,25,1
2021-08-22 00:00:00,projected,4853,95.0,,,9999-09-09 00:00:00,9999-09-09 00:00:00,9999-09-09 00:00:00,25,3
2021-08-22 00:00:00,projected,4853,61.6174518146284,,,9999-09-09 00:00:00,9999-09-09 00:00:00,9999-09-09 00:00:00,25,1
2021-08-23 00:00:00,projected,4853,95.0,,,9999-09-09 00:00:00,9999-09-09 00:00:00,9999-09-09 00:00:00,25,3
2021-08-23 00:00:00,projected,4853,61.5025254074796,,,9999-09-09 00:00:00,9999-09-09 00:00:00,9999-09-09 00:00:00,25,1
2021-08-24 00:00:00,projected,4853,95.0,,,9999-09-09 00:00:00,9999-09-09 00:00:00,9999-09-09 00:00:00,25,3
2021-08-24 00:00:00,projected,4853,61.4514626226092,,,9999-09-09 00:00:00,9999-09-09 00:00:00,9999-09-09 00:00:00,25,1
2021-08-25 00:00:00,projected,4853,95.0,,,9999-09-09 00:00:00,9999-09-09 00:00:00,9999-09-09 00:00:00,25,3
2021-08-25 00:00:00,projected,4853,61.3161264163899,,,9999-09-09 00:00:00,9999-09-09 00:00:00,9999-09-09 00:00:00,25,1
2021-08-26 00:00:00,projected,4853,95.0,,,9999-09-09 00:00:00,9999-09-09 00:00:00,9999-09-09 00:00:00,25,3
2021-08-26 00:00:00,projected,4853,61.2206105787012,,,9999-09-09 00:00:00,9999-09-09 00:00:00,9999-09-09 00:00:00,25,1
2021-08-27 00:00:00,projected,4853,95.0,,,9999-09-09 00:00:00,9999-09-09 00:00:00,9999-09-09 00:00:00,25,3
2021-08-27 00:00:00,projected,4853,61.1551146993297,,,9999-09-09 00:00:00,9999-09-09 00:00:00,9999-09-09 00:00:00,25,1
2021-08-28 00:00:00,projected,4853,95.0,,,9999-09-09 00:00:00,9999-09-09 00:00:00,9999-09-09 00:00:00,25,3
2021-08-28 00:00:00,projected,4853,61.12810645083,,,9999-09-09 00:00:00,9999-09-09 00:00:00,9999-09-09 00:00:00,25,1
2021-08-29 00:00:00,projected,4853,95.0,,,9999-09-09 00:00:00,9999-09-09 00:00:00,9999-09-09 00:00:00,25,3
2021-08-29 00:00:00,projected,4853,60.985137876088,,,9999-09-09 00:00:00,9999-09-09 00:00:00,9999-09-09 00:00:00,25,1
2021-08-30 00:00:00,projected,4853,95.0,,,9999-09-09 00:00:00,9999-09-09 00:00:00,9999-09-09 00:00:00,25,3
2021-08-30 00:00:00,projected,4853,60.8934567587738,,,9999-09-09 00:00:00,9999-09-09 00:00:00,9999-09-09 00:00:00,25,1
2021-08-31 00:00:00,projected,4853,95.0,,,9999-09-09 00:00:00,9999-09-09 00:00:00,9999-09-09 00:00:00,25,3
2021-08-31 00:00:00,projected,4853,60.8269328145696,,,9999-09-09 00:00:00,9999-09-09 00:00:00,9999-09-09 00:00:00,25,1
2021-09-01 00:00:00,projected,4853,95.0,,,9999-09-09 00:00:00,9999-09-09 00:00:00,9999-09-09 00:00:00,25,3
2021-09-01 00:00:00,projected,4853,60.7386062572411,,,9999-09-09 00:00:00,9999-09-09 00:00:00,9999-09-09 00:00:00,25,1
2021-09-02 00:00:00,projected,4853,95.0,,,9999-09-09 00:00:00,9999-09-09 00:00:00,9999-09-09 00:00:00,25,3
2021-09-02 00:00:00,projected,4853,60.6319292157058,,,9999-09-09 00:00:00,9999-09-09 00:00:00,9999-09-09 00:00:00,25,1
2021-09-03 00:00:00,projected,4853,95.0,,,9999-09-09 00:00:00,9999-09-09 00:00:00,9999-09-09 00:00:00,25,3
2021-09-03 00:00:00,projected,4853,60.5338415625479,,,9999-09-09 00:00:00,9999-09-09 00:00:00,9999-09-09 00:00:00,25,1
2021-09-04 00:00:00,projected,4853,95.0,,,9999-09-09 00:00:00,9999-09-09 00:00:00,9999-09-09 00:00:00,25,3
2021-09-04 00:00:00,projected,4853,60.5027825163466,,,9999-09-09 00:00:00,9999-09-09 00:00:00,9999-09-09 00:00:00,25,1
2021-09-05 00:00:00,projected,4853,95.0,,,9999-09-09 00:00:00,9999-09-09 00:00:00,9999-09-09 00:00:00,25,3
2021-09-05 00:00:00,projected,4853,60.4121664286392,,,9999-09-09 00:00:00,9999-09-09 00:00:00,9999-09-09 00:00:00,25,1
2021-09-06 00:00:00,projected,4853,95.0,,,9999-09-09 00:00:00,9999-09-09 00:00:00,9999-09-09 00:00:00,25,3
2021-09-06 00:00:00,projected,4853,60.341197129714,,,9999-09-09 00:00:00,9999-09-09 00:00:00,9999-09-09 00:00:00,25,1
2021-09-07 00:00:00,projected,4853,95.0,,,9999-09-09 00:00:00,9999-09-09 00:00:00,9999-09-09 00:00:00,25,3
2021-09-07 00:00:00,projected,4853,60.2581271311317,,,9999-09-09 00:00:00,9999-09-09 00:00:00,9999-09-09 00:00:00,25,1
2021-09-08 00:00:00,projected,4853,95.0,,,9999-09-09 00:00:00,9999-09-09 00:00:00,9999-09-09 00:00:00,25,3
2021-09-08 00:00:00,projected,4853,60.1980335970201,,,9999-09-09 00:00:00,9999-09-09 00:00:00,9999-09-09 00:00:00,25,1
2021-09-09 00:00:00,projected,4853,95.0,,,9999-09-09 00:00:00,9999-09-09 00:00:00,9999-09-09 00:00:00,25,3
2021-09-09 00:00:00,projected,4853,60.1119829198821,,,9999-09-09 00:00:00,9999-09-09 00:00:00,9999-09-09 00:00:00,25,1
2021-09-10 00:00:00,projected,4853,95.0,,,9999-09-09 00:00:00,9999-09-09 00:00:00,9999-09-09 00:00:00,25,3
2021-09-10 00:00:00,projected,4853,60.0431097221006,,,9999-09-09 00:00:00,9999-09-09 00:00:00,9999-09-09 00:00:00,25,1
2021-09-11 00:00:00,projected,4853,95.0,,,9999-09-09 00:00:00,9999-09-09 00:00:00,9999-09-09 00:00:00,25,3
2021-09-11 00:00:00,projected,4853,60.0367775751266,,,9999-09-09 00:00:00,9999-09-09 00:00:00,9999-09-09 00:00:00,25,1
2021-09-12 00:00:00,projected,4853,95.0,,,9999-09-09 00:00:00,9999-09-09 00:00:00,9999-09-09 00:00:00,25,3
2021-09-12 00:00:00,projected,4853,59.8524390361204,,,9999-09-09 00:00:00,9999-09-09 00:00:00,9999-09-09 00:00:00,25,1
2021-09-13 00:00:00,projected,4853,95.0,,,9999-09-09 00:00:00,9999-09-09 00:00:00,9999-09-09 00:00:00,25,3
2021-09-13 00:00:00,projected,4853,59.5976548636056,,,9999-09-09 00:00:00,9999-09-09 00:00:00,9999-09-09 00:00:00,25,1
2021-09-14 00:00:00,projected,4853,95.0,,,9999-09-09 00:00:00,9999-09-09 00:00:00,9999-09-09 00:00:00,25,3
2021-09-14 00:00:00,projected,4853,59.36602622184,,,9999-09-09 00:00:00,9999-09-09 00:00:00,9999-09-09 00:00:00,25,1
2021-09-15 00:00:00,projected,4853,95.0,,,9999-09-09 00:00:00,9999-09-09 00:00:00,9999-09-09 00:00:00,25,3
2021-09-15 00:00:00,projected,4853,59.1068108395982,,,9999-09-09 00:00:00,9999-09-09 00:00:00,9999-09-09 00:00:00,25,1
2021-09-16 00:00:00,projected,4853,95.0,,,9999-09-09 00:00:00,9999-09-09 00:00:00,9999-09-09 00:00:00,25,3
2021-09-16 00:00:00,projected,4853,58.7894911116459,,,9999-09-09 00:00:00,9999-09-09 00:00:00,9999-09-09 00:00:00,25,1
2021-09-17 00:00:00,projected,4853,95.0,,,9999-09-09 00:00:00,9999-09-09 00:00:00,9999-09-09 00:00:00,25,3
2021-09-17 00:00:00,projected,4853,58.6170426568715,,,9999-09-09 00:00:00,9999-09-09 00:00:00,9999-09-09 00:00:00,25,1
2021-09-18 00:00:00,projected,4853,95.0,,,9999-09-09 00:00:00,9999-09-09 00:00:00,9999-09-09 00:00:00,25,3
2021-09-18 00:00:00,projected,4853,58.5765497190299,,,9999-09-09 00:00:00,9999-09-09 00:00:00,9999-09-09 00:00:00,25,1
2021-09-19 00:00:00,projected,4853,95.0,,,9999-09-09 00:00:00,9999-09-09 00:00:00,9999-09-09 00:00:00,25,3
2021-09-19 00:00:00,projected,4853,57.9307480266634,,,9999-09-09 00:00:00,9999-09-09 00:00:00,9999-09-09 00:00:00,25,1
2021-09-20 00:00:00,projected,4853,95.0,,,9999-09-09 00:00:00,9999-09-09 00:00:00,9999-09-09 00:00:00,25,3
2021-09-20 00:00:00,projected,4853,57.1188488589535,,,9999-09-09 00:00:00,9999-09-09 00:00:00,9999-09-09 00:00:00,25,1
2021-09-21 00:00:00,projected,4853,95.0,,,9999-09-09 00:00:00,9999-09-09 00:00:00,9999-09-09 00:00:00,25,3
2021-09-21 00:00:00,projected,4853,56.1143031453463,,,9999-09-09 00:00:00,9999-09-09 00:00:00,9999-09-09 00:00:00,25,1
2021-09-22 00:00:00,projected,4853,95.0,,,9999-09-09 00:00:00,9999-09-09 00:00:00,9999-09-09 00:00:00,25,3
2021-09-22 00:00:00,projected,4853,55.8226898417102,,,9999-09-09 00:00:00,9999-09-09 00:00:00,9999-09-09 00:00:00,25,1
2021-09-23 00:00:00,projected,4853,95.0,,,9999-09-09 00:00:00,9999-09-09 00:00:00,9999-09-09 00:00:00,25,3
2021-09-23 00:00:00,projected,4853,55.0246520919056,,,9999-09-09 00:00:00,9999-09-09 00:00:00,9999-09-09 00:00:00,25,1
2021-09-24 00:00:00,projected,4853,95.0,,,9999-09-09 00:00:00,9999-09-09 00:00:00,9999-09-09 00:00:00,25,3
2021-09-24 00:00:00,projected,4853,53.8964270540901,,,9999-09-09 00:00:00,9999-09-09 00:00:00,9999-09-09 00:00:00,25,1
2021-09-25 00:00:00,projected,4853,95.0,,,9999-09-09 00:00:00,9999-09-09 00:00:00,9999-09-09 00:00:00,25,3
2021-09-25 00:00:00,projected,4853,53.7671794120045,,,9999-09-09 00:00:00,9999-09-09 00:00:00,9999-09-09 00:00:00,25,1
2021-09-26 00:00:00,projected,4853,95.0,,,9999-09-09 00:00:00,9999-09-09 00:00:00,9999-09-09 00:00:00,25,3
2021-09-26 00:00:00,projected,4853,52.4478017459105,,,9999-09-09 00:00:00,9999-09-09 00:00:00,9999-09-09 00:00:00,25,1
2021-09-27 00:00:00,projected,4853,95.0,,,9999-09-09 00:00:00,9999-09-09 00:00:00,9999-09-09 00:00:00,25,3
2021-09-27 00:00:00,projected,4853,51.1323365581804,,,9999-09-09 00:00:00,9999-09-09 00:00:00,9999-09-09 00:00:00,25,1
2021-09-28 00:00:00,projected,4853,95.0,,,9999-09-09 00:00:00,9999-09-09 00:00:00,9999-09-09 00:00:00,25,3
2021-09-28 00:00:00,projected,4853,50.8192411088384,,,9999-09-09 00:00:00,9999-09-09 00:00:00,9999-09-09 00:00:00,25,1
2021-09-29 00:00:00,projected,4853,95.0,,,9999-09-09 00:00:00,9999-09-09 00:00:00,9999-09-09 00:00:00,25,3
2021-09-29 00:00:00,projected,4853,50.4833061143815,,,9999-09-09 00:00:00,9999-09-09 00:00:00,9999-09-09 00:00:00,25,1
2021-09-30 00:00:00,projected,4853,95.0,,,9999-09-09 00:00:00,9999-09-09 00:00:00,9999-09-09 00:00:00,25,3
2021-09-30 00:00:00,projected,4853,50.1765627775267,,,9999-09-09 00:00:00,9999-09-09 00:00:00,9999-09-09 00:00:00,25,1
2021-10-01 00:00:00,projected,4853,95.0,,,9999-09-09 00:00:00,9999-09-09 00:00:00,9999-09-09 00:00:00,25,3
2021-10-01 00:00:00,projected,4853,49.9839518911071,,,9999-09-09 00:00:00,9999-09-09 00:00:00,9999-09-09 00:00:00,25,1
2021-10-02 00:00:00,projected,4853,95.0,,,9999-09-09 00:00:00,9999-09-09 00:00:00,9999-09-09 00:00:00,25,3
2021-10-02 00:00:00,projected,4853,49.6555982713128,,,9999-09-09 00:00:00,9999-09-09 00:00:00,9999-09-09 00:00:00,25,1
2021-10-03 00:00:00,projected,4853,95.0,,,9999-09-09 00:00:00,9999-09-09 00:00:00,9999-09-09 00:00:00,25,3
2021-10-03 00:00:00,projected,4853,49.2247057179958,,,9999-09-09 00:00:00,9999-09-09 00:00:00,9999-09-09 00:00:00,25,1
2021-10-04 00:00:00,projected,4853,95.0,,,9999-09-09 00:00:00,9999-09-09 00:00:00,9999-09-09 00:00:00,25,3
2021-10-04 00:00:00,projected,4853,48.638695176093,,,9999-09-09 00:00:00,9999-09-09 00:00:00,9999-09-09 00:00:00,25,1
2021-10-05 00:00:00,projected,4853,95.0,,,9999-09-09 00:00:00,9999-09-09 00:00:00,9999-09-09 00:00:00,25,3
2021-10-05 00:00:00,projected,4853,48.1937288522487,,,9999-09-09 00:00:00,9999-09-09 00:00:00,9999-09-09 00:00:00,25,1
2021-10-06 00:00:00,projected,4853,95.0,,,9999-09-09 00:00:00,9999-09-09 00:00:00,9999-09-09 00:00:00,25,3
2021-10-06 00:00:00,projected,4853,47.8281023234287,,,9999-09-09 00:00:00,9999-09-09 00:00:00,9999-09-09 00:00:00,25,1
2021-10-07 00:00:00,projected,4853,95.0,,,9999-09-09 00:00:00,9999-09-09 00:00:00,9999-09-09 00:00:00,25,3
2021-10-07 00:00:00,projected,4853,47.5422262247043,,,9999-09-09 00:00:00,9999-09-09 00:00:00,9999-09-09 00:00:00,25,1
2021-10-08 00:00:00,projected,4853,95.0,,,9999-09-09 00:00:00,9999-09-09 00:00:00,9999-09-09 00:00:00,25,3
2021-10-08 00:00:00,projected,4853,47.3898148161439,,,9999-09-09 00:00:00,9999-09-09 00:00:00,9999-09-09 00:00:00,25,1
2021-10-09 00:00:00,projected,4853,95.0,,,9999-09-09 00:00:00,9999-09-09 00:00:00,9999-09-09 00:00:00,25,3
2021-10-09 00:00:00,projected,4853,47.0850002909311,,,9999-09-09 00:00:00,9999-09-09 00:00:00,9999-09-09 00:00:00,25,1
2021-10-10 00:00:00,projected,4853,95.0,,,9999-09-09 00:00:00,9999-09-09 00:00:00,9999-09-09 00:00:00,25,3
2021-10-10 00:00:00,projected,4853,46.7334593144505,,,9999-09-09 00:00:00,9999-09-09 00:00:00,9999-09-09 00:00:00,25,1
2021-10-11 00:00:00,projected,4853,95.0,,,9999-09-09 00:00:00,9999-09-09 00:00:00,9999-09-09 00:00:00,25,3
2021-10-11 00:00:00,projected,4853,46.4277164224903,,,9999-09-09 00:00:00,9999-09-09 00:00:00,9999-09-09 00:00:00,25,1
2021-10-12 00:00:00,projected,4853,95.0,,,9999-09-09 00:00:00,9999-09-09 00:00:00,9999-09-09 00:00:00,25,3
2021-10-12 00:00:00,projected,4853,46.0730339202891,,,9999-09-09 00:00:00,9999-09-09 00:00:00,9999-09-09 00:00:00,25,1
2021-10-13 00:00:00,projected,4853,95.0,,,9999-09-09 00:00:00,9999-09-09 00:00:00,9999-09-09 00:00:00,25,3
2021-10-13 00:00:00,projected,4853,45.7646935095673,,,9999-09-09 00:00:00,9999-09-09 00:00:00,9999-09-09 00:00:00,25,1
2021-10-14 00:00:00,projected,4853,95.0,,,9999-09-09 00:00:00,9999-09-09 00:00:00,9999-09-09 00:00:00,25,3
2021-10-14 00:00:00,projected,4853,45.4061273516515,,,9999-09-09 00:00:00,9999-09-09 00:00:00,9999-09-09 00:00:00,25,1
2021-10-15 00:00:00,projected,4853,95.0,,,9999-09-09 00:00:00,9999-09-09 00:00:00,9999-09-09 00:00:00,25,3
2021-10-15 00:00:00,projected,4853,45.0954333831863,,,9999-09-09 00:00:00,9999-09-09 00:00:00,9999-09-09 00:00:00,25,1
2021-10-16 00:00:00,projected,4853,95.0,,,9999-09-09 00:00:00,9999-09-09 00:00:00,9999-09-09 00:00:00,25,3
2021-10-16 00:00:00,projected,4853,44.7839982825961,,,9999-09-09 00:00:00,9999-09-09 00:00:00,9999-09-09 00:00:00,25,1
2021-10-17 00:00:00,projected,4853,95.0,,,9999-09-09 00:00:00,9999-09-09 00:00:00,9999-09-09 00:00:00,25,3
2021-10-17 00:00:00,projected,4853,44.4719162774767,,,9999-09-09 00:00:00,9999-09-09 00:00:00,9999-09-09 00:00:00,25,1
2021-10-18 00:00:00,projected,4853,95.0,,,9999-09-09 00:00:00,9999-09-09 00:00:00,9999-09-09 00:00:00,25,3
2021-10-18 00:00:00,projected,4853,44.1072459250775,,,9999-09-09 00:00:00,9999-09-09 00:00:00,9999-09-09 00:00:00,25,1
2021-10-19 00:00:00,projected,4853,95.0,,,9999-09-09 00:00:00,9999-09-09 00:00:00,9999-09-09 00:00:00,25,3
2021-10-19 00:00:00,projected,4853,43.7934714104245,,,9999-09-09 00:00:00,9999-09-09 00:00:00,9999-09-09 00:00:00,25,1
2021-10-20 00:00:00,projected,4853,95.0,,,9999-09-09 00:00:00,9999-09-09 00:00:00,9999-09-09 00:00:00,25,3
2021-10-20 00:00:00,projected,4853,43.4793187886099,,,9999-09-09 00:00:00,9999-09-09 00:00:00,9999-09-09 00:00:00,25,1
2021-10-21 00:00:00,projected,4853,95.0,,,9999-09-09 00:00:00,9999-09-09 00:00:00,9999-09-09 00:00:00,25,3
2021-10-21 00:00:00,projected,4853,43.1649907975909,,,9999-09-09 00:00:00,9999-09-09 00:00:00,9999-09-09 00:00:00,25,1
2021-10-22 00:00:00,projected,4853,95.0,,,9999-09-09 00:00:00,9999-09-09 00:00:00,9999-09-09 00:00:00,25,3
2021-10-22 00:00:00,projected,4853,42.8504279754478,,,9999-09-09 00:00:00,9999-09-09 00:00:00,9999-09-09 00:00:00,25,1
2021-10-23 00:00:00,projected,4853,95.0,,,9999-09-09 00:00:00,9999-09-09 00:00:00,9999-09-09 00:00:00,25,3
2021-10-23 00:00:00,projected,4853,42.5355288322759,,,9999-09-09 00:00:00,9999-09-09 00:00:00,9999-09-09 00:00:00,25,1
2021-10-24 00:00:00,projected,4853,95.0,,,9999-09-09 00:00:00,9999-09-09 00:00:00,9999-09-09 00:00:00,25,3
2021-10-24 00:00:00,projected,4853,42.2201823664247,,,9999-09-09 00:00:00,9999-09-09 00:00:00,9999-09-09 00:00:00,25,1
2021-10-25 00:00:00,projected,4853,95.0,,,9999-09-09 00:00:00,9999-09-09 00:00:00,9999-09-09 00:00:00,25,3
2021-10-25 00:00:00,projected,4853,41.9042814149501,,,9999-09-09 00:00:00,9999-09-09 00:00:00,9999-09-09 00:00:00,25,1
2021-10-26 00:00:00,projected,4853,95.0,,,9999-09-09 00:00:00,9999-09-09 00:00:00,9999-09-09 00:00:00,25,3
2021-10-26 00:00:00,projected,4853,41.6449626239347,,,9999-09-09 00:00:00,9999-09-09 00:00:00,9999-09-09 00:00:00,25,1
2021-10-27 00:00:00,projected,4853,95.0,,,9999-09-09 00:00:00,9999-09-09 00:00:00,9999-09-09 00:00:00,25,3
2021-10-27 00:00:00,projected,4853,41.3282645580089,,,9999-09-09 00:00:00,9999-09-09 00:00:00,9999-09-09 00:00:00,25,1
2021-10-28 00:00:00,projected,4853,95.0,,,9999-09-09 00:00:00,9999-09-09 00:00:00,9999-09-09 00:00:00,25,3
2021-10-28 00:00:00,projected,4853,41.0106542087581,,,9999-09-09 00:00:00,9999-09-09 00:00:00,9999-09-09 00:00:00,25,1
2021-10-29 00:00:00,projected,4853,95.0,,,9999-09-09 00:00:00,9999-09-09 00:00:00,9999-09-09 00:00:00,25,3
2021-10-29 00:00:00,projected,4853,40.6920195821943,,,9999-09-09 00:00:00,9999-09-09 00:00:00,9999-09-09 00:00:00,25,1
2021-10-30 00:00:00,projected,4853,95.0,,,9999-09-09 00:00:00,9999-09-09 00:00:00,9999-09-09 00:00:00,25,3
2021-10-30 00:00:00,projected,4853,40.4327975001231,,,9999-09-09 00:00:00,9999-09-09 00:00:00,9999-09-09 00:00:00,25,1
2021-10-31 00:00:00,projected,4853,95.0,,,9999-09-09 00:00:00,9999-09-09 00:00:00,9999-09-09 00:00:00,25,3
2021-10-31 00:00:00,projected,4853,40.1145830525995,,,9999-09-09 00:00:00,9999-09-09 00:00:00,9999-09-09 00:00:00,25,1
2021-11-01 00:00:00,projected,4853,95.0,,,9999-09-09 00:00:00,9999-09-09 00:00:00,9999-09-09 00:00:00,25,3
2021-11-01 00:00:00,projected,4853,39.8572515662285,,,9999-09-09 00:00:00,9999-09-09 00:00:00,9999-09-09 00:00:00,25,1
2021-11-02 00:00:00,projected,4853,95.0,,,9999-09-09 00:00:00,9999-09-09 00:00:00,9999-09-09 00:00:00,25,3
2021-11-02 00:00:00,projected,4853,39.5393156554063,,,9999-09-09 00:00:00,9999-09-09 00:00:00,9999-09-09 00:00:00,25,1
2021-11-03 00:00:00,projected,4853,95.0,,,9999-09-09 00:00:00,9999-09-09 00:00:00,9999-09-09 00:00:00,25,3
2021-11-03 00:00:00,projected,4853,39.2830182828818,,,9999-09-09 00:00:00,9999-09-09 00:00:00,9999-09-09 00:00:00,25,1
2021-11-04 00:00:00,projected,4853,95.0,,,9999-09-09 00:00:00,9999-09-09 00:00:00,9999-09-09 00:00:00,25,3
2021-11-04 00:00:00,projected,4853,38.9644742127392,,,9999-09-09 00:00:00,9999-09-09 00:00:00,9999-09-09 00:00:00,25,1
2021-11-05 00:00:00,projected,4853,95.0,,,9999-09-09 00:00:00,9999-09-09 00:00:00,9999-09-09 00:00:00,25,3
2021-11-05 00:00:00,projected,4853,38.7083041183515,,,9999-09-09 00:00:00,9999-09-09 00:00:00,9999-09-09 00:00:00,25,1
2021-11-06 00:00:00,projected,4853,95.0,,,9999-09-09 00:00:00,9999-09-09 00:00:00,9999-09-09 00:00:00,25,3
2021-11-06 00:00:00,projected,4853,38.4521103765028,,,9999-09-09 00:00:00,9999-09-09 00:00:00,9999-09-09 00:00:00,25,1
2021-11-07 00:00:00,projected,4853,95.0,,,9999-09-09 00:00:00,9999-09-09 00:00:00,9999-09-09 00:00:00,25,3
2021-11-07 00:00:00,projected,4853,38.1312302128538,,,9999-09-09 00:00:00,9999-09-09 00:00:00,9999-09-09 00:00:00,25,1
2021-11-08 00:00:00,projected,4853,95.0,,,9999-09-09 00:00:00,9999-09-09 00:00:00,9999-09-09 00:00:00,25,3
2021-11-08 00:00:00,projected,4853,37.8742977830407,,,9999-09-09 00:00:00,9999-09-09 00:00:00,9999-09-09 00:00:00,25,1
2021-11-09 00:00:00,projected,4853,95.0,,,9999-09-09 00:00:00,9999-09-09 00:00:00,9999-09-09 00:00:00,25,3
2021-11-09 00:00:00,projected,4853,37.6186660649257,,,9999-09-09 00:00:00,9999-09-09 00:00:00,9999-09-09 00:00:00,25,1
2021-11-10 00:00:00,projected,4853,95.0,,,9999-09-09 00:00:00,9999-09-09 00:00:00,9999-09-09 00:00:00,25,3
2021-11-10 00:00:00,projected,4853,37.3641189711018,,,9999-09-09 00:00:00,9999-09-09 00:00:00,9999-09-09 00:00:00,25,1
2021-11-11 00:00:00,projected,4853,95.0,,,9999-09-09 00:00:00,9999-09-09 00:00:00,9999-09-09 00:00:00,25,3
2021-11-11 00:00:00,projected,4853,37.0436272657301,,,9999-09-09 00:00:00,9999-09-09 00:00:00,9999-09-09 00:00:00,25,1
2021-11-12 00:00:00,projected,4853,95.0,,,9999-09-09 00:00:00,9999-09-09 00:00:00,9999-09-09 00:00:00,25,3
2021-11-12 00:00:00,projected,4853,36.7897088348461,,,9999-09-09 00:00:00,9999-09-09 00:00:00,9999-09-09 00:00:00,25,1
2021-11-13 00:00:00,projected,4853,95.0,,,9999-09-09 00:00:00,9999-09-09 00:00:00,9999-09-09 00:00:00,25,3
2021-11-13 00:00:00,projected,4853,36.5358499361227,,,9999-09-09 00:00:00,9999-09-09 00:00:00,9999-09-09 00:00:00,25,1
2021-11-14 00:00:00,projected,4853,95.0,,,9999-09-09 00:00:00,9999-09-09 00:00:00,9999-09-09 00:00:00,25,3
2021-11-14 00:00:00,projected,4853,36.281716434003,,,9999-09-09 00:00:00,9999-09-09 00:00:00,9999-09-09 00:00:00,25,1
2021-11-15 00:00:00,projected,4853,95.0,,,9999-09-09 00:00:00,9999-09-09 00:00:00,9999-09-09 00:00:00,25,3
2021-11-15 00:00:00,projected,4853,36.0269534627602,,,9999-09-09 00:00:00,9999-09-09 00:00:00,9999-09-09 00:00:00,25,1
2021-11-16 00:00:00,projected,4853,95.0,,,9999-09-09 00:00:00,9999-09-09 00:00:00,9999-09-09 00:00:00,25,3
2021-11-16 00:00:00,projected,4853,35.7721703663862,,,9999-09-09 00:00:00,9999-09-09 00:00:00,9999-09-09 00:00:00,25,1
2021-11-17 00:00:00,projected,4853,95.0,,,9999-09-09 00:00:00,9999-09-09 00:00:00,9999-09-09 00:00:00,25,3
2021-11-17 00:00:00,projected,4853,35.5183519610771,,,9999-09-09 00:00:00,9999-09-09 00:00:00,9999-09-09 00:00:00,25,1
2021-11-18 00:00:00,projected,4853,95.0,,,9999-09-09 00:00:00,9999-09-09 00:00:00,9999-09-09 00:00:00,25,3
2021-11-18 00:00:00,projected,4853,35.265276590208,,,9999-09-09 00:00:00,9999-09-09 00:00:00,9999-09-09 00:00:00,25,1
2021-11-19 00:00:00,projected,4853,95.0,,,9999-09-09 00:00:00,9999-09-09 00:00:00,9999-09-09 00:00:00,25,3
2021-11-19 00:00:00,projected,4853,35.0127417650612,,,9999-09-09 00:00:00,9999-09-09 00:00:00,9999-09-09 00:00:00,25,1
2021-11-20 00:00:00,projected,4853,95.0,,,9999-09-09 00:00:00,9999-09-09 00:00:00,9999-09-09 00:00:00,25,3
2021-11-20 00:00:00,projected,4853,34.760518365234,,,9999-09-09 00:00:00,9999-09-09 00:00:00,9999-09-09 00:00:00,25,1
2021-11-21 00:00:00,projected,4853,95.0,,,9999-09-09 00:00:00,9999-09-09 00:00:00,9999-09-09 00:00:00,25,3
2021-11-21 00:00:00,projected,4853,34.5803256489961,,,9999-09-09 00:00:00,9999-09-09 00:00:00,9999-09-09 00:00:00,25,1
2021-11-22 00:00:00,projected,4853,95.0,,,9999-09-09 00:00:00,9999-09-09 00:00:00,9999-09-09 00:00:00,25,3
2021-11-22 00:00:00,projected,4853,34.3285765907441,,,9999-09-09 00:00:00,9999-09-09 00:00:00,9999-09-09 00:00:00,25,1
2021-11-23 00:00:00,projected,4853,95.0,,,9999-09-09 00:00:00,9999-09-09 00:00:00,9999-09-09 00:00:00,25,3
2021-11-23 00:00:00,projected,4853,34.0764522698278,,,9999-09-09 00:00:00,9999-09-09 00:00:00,9999-09-09 00:00:00,25,1
2021-11-24 00:00:00,projected,4853,95.0,,,9999-09-09 00:00:00,9999-09-09 00:00:00,9999-09-09 00:00:00,25,3
2021-11-24 00:00:00,projected,4853,33.8237161976655,,,9999-09-09 00:00:00,9999-09-09 00:00:00,9999-09-09 00:00:00,25,1
2021-11-25 00:00:00,projected,4853,95.0,,,9999-09-09 00:00:00,9999-09-09 00:00:00,9999-09-09 00:00:00,25,3
2021-11-25 00:00:00,projected,4853,33.5704655505962,,,9999-09-09 00:00:00,9999-09-09 00:00:00,9999-09-09 00:00:00,25,1
2021-11-26 00:00:00,projected,4853,95.0,,,9999-09-09 00:00:00,9999-09-09 00:00:00,9999-09-09 00:00:00,25,3
2021-11-26 00:00:00,projected,4853,33.3922078615563,,,9999-09-09 00:00:00,9999-09-09 00:00:00,9999-09-09 00:00:00,25,1
2021-11-27 00:00:00,projected,4853,95.0,,,9999-09-09 00:00:00,9999-09-09 00:00:00,9999-09-09 00:00:00,25,3
2021-11-27 00:00:00,projected,4853,33.1405823814327,,,9999-09-09 00:00:00,9999-09-09 00:00:00,9999-09-09 00:00:00,25,1
2021-11-28 00:00:00,projected,4853,95.0,,,9999-09-09 00:00:00,9999-09-09 00:00:00,9999-09-09 00:00:00,25,3
2021-11-28 00:00:00,projected,4853,32.8892987929984,,,9999-09-09 00:00:00,9999-09-09 00:00:00,9999-09-09 00:00:00,25,1
2021-11-29 00:00:00,projected,4853,95.0,,,9999-09-09 00:00:00,9999-09-09 00:00:00,9999-09-09 00:00:00,25,3
2021-11-29 00:00:00,projected,4853,32.7139824448826,,,9999-09-09 00:00:00,9999-09-09 00:00:00,9999-09-09 00:00:00,25,1
2021-11-30 00:00:00,projected,4853,95.0,,,9999-09-09 00:00:00,9999-09-09 00:00:00,9999-09-09 00:00:00,25,3
2021-11-30 00:00:00,projected,4853,32.4633154815744,,,9999-09-09 00:00:00,9999-09-09 00:00:00,9999-09-09 00:00:00,25,1
2021-12-01 00:00:00,projected,4853,95.0,,,9999-09-09 00:00:00,9999-09-09 00:00:00,9999-09-09 00:00:00,25,3
2021-12-01 00:00:00,projected,4853,32.2123958057842,,,9999-09-09 00:00:00,9999-09-09 00:00:00,9999-09-09 00:00:00,25,1
